word,score,mentions
sharingan.gif,405,1
novasilisko,48.5,1
(prod.,39.75876623,7
born!,122.8,1
(z,83.11111111,1
solitary,130.2708333,2
nova:,31.375,1
genny,212.5,1
"""attitude""",36.46666667,1
estimating,153.3125,1
herpatologist.,59.54054054,1
"wanderers,",22.89473684,1
today...i'm,272.625,1
grohl.,138.6923077,1
background],59,1
fractions.,639.4,1
f7u12.,197.7261905,2
soar!,431.2,1
reticles,60.33333333,1
fixes,119.4386905,8
"rooms,",170.1875,2
beluga,660.25,1
atla,223.0344671,7
up...i'm,53.11111111,1
beatings,40.5,1
