word,score,mentions
(prod.,39.75876623376623,7
(z,83.11111111111111,1
monday...,82.48161764705883,2
non-overlapping,255.375,1
estimating,153.3125,1
porterhouse,298.3,1
[1024x1330],93.92857142857143,1
fixes,125.3899470899471,9
columbia,101.54571041305745,13
beluga,660.25,1
atla,223.03446712018143,7
"fighters,",74.71428571428571,1
åberg,43.57142857142857,1
days...,223.01084353146854,20
frighteningly,42.186732186732186,2
dr.,168.53783331543391,98
mathematician?,39.27777777777778,1
"(sfw,",124.55,1
"opposites""",27.05263157894737,1
sink?,30.545454545454547,1
partied,86.98095238095237,2
advantages,220.64274509803923,5
u.o.e.n.o.,15.555555555555555,1
pygmy,125.3425925925926,3
"notes,",43.65625,2