word,score,mentions
homosexuality,1724.5,2
tf2,1299.3214285714287,2
15,1131.0,2
0,1120.0,2
greentext,1085.5625,4
&gt;be,1067.1443452380954,16
captcha,1047.0416666666667,2
comics,1047.0416666666667,2
oh,1033.1904761904761,3
bird,995.5,2
logic,945.625,2
damn,933.4761904761905,2
/o/,923.5,2
religion,921.4166666666666,3
dat,909.3,2
/b/'s,908.2222222222223,3
favorite,890.875,2
9gag,861.3733333333333,5
"anon,",856.875,2
gas,836.0277777777778,2
gf,832.3424603174603,6
visits,831.25,4
trolls,829.8333333333334,2
fuck,828.2916666666666,4
stay,819.0555555555555,3
