word,score,mentions
surreal,316.79545454545456,2
mossy,313.9166666666667,2
[1122x886],303.25,2
bed,287.66875,2
[1000x667],272.51666666666665,3
"ship,",271.20238095238096,2
[1920x1200],263.7583333333333,2
[4608,262.1309523809524,2
siberia,258.72727272727275,2
now.,257.4194444444444,3
underwater,252.4672619047619,4
pripyat,251.53125,2
"karelia,",246.4621212121212,2
[800x1237],246.4621212121212,2
yugoslavian,242.75,3
tanks,237.15,2
laboratory,236.13095238095238,2
[750x500],230.8125,2
montana,228.44444444444443,2
end,227.5441176470588,2
[800x600],224.260582010582,3
"lebanon,",224.04545454545456,2
fog,221.55,2
fort,220.72619047619048,3
ta,217.9848484848485,2
