word,score,mentions
nope,614.0,2
brother?,579.8214285714286,2
sandwiches,548.5,2
[fixed],544.6944444444445,3
koo,536.3333333333334,2
best.,437.66666666666663,2
book,408.575,2
which,401.41851851851857,3
here!,396.3,2
motherboy.,388.7916666666667,2
dances,385.0,2
gem.,378.40277777777777,2
dude.,362.625,2
agree,348.22222222222223,2
trailer,347.72857142857146,2
veal,333.90476190476187,2
gobs,329.85555555555555,3
army,329.1031746031746,3
ever.,319.18518518518516,3
again!,312.375,2
ahhh,311.8,2
bob,310.34814814814814,3
changed,307.45,2
/r/arresteddevelopment,305.9,2
year,288.4166666666667,3
