word,score,mentions
subreddits?,443.225,2
ted,415.25,2
love?,385.4040404040404,2
easter,383.55555555555554,2
eggs,383.55555555555554,2
movie?,354.5833333333333,2
go-to,353.7,4
"""go-to""",353.2980769230769,2
[modpost],352.4166666666667,2
happiest,350.1875,2
blown,321.6318181818182,2
joke?,320.1875,4
everybody,309.3153846153846,2
unsolved,303.69629629629634,3
game?,301.37566137566137,3
reddit...,298.775,2
worse?,295.90277777777777,2
hidden?,293.56363636363636,2
bathroom,288.8333333333333,2
american,284.92857142857144,2
trick,280.72537878787875,4
true,274.8690476190476,2
private,274.8287037037037,2
advantage,273.7147435897436,2
stuff,272.2019230769231,2
