word,score,mentions
husky/retriever,1680.75,2
rawr!,1535.1,2
&lt;3,1344.2564102564102,2
wakey!,1286.5,2
panda,1283.9666666666667,3
mutual,1283.4166666666667,2
true,1280.6666666666665,2
lesson,1148.875,2
mix,1124.2954545454545,2
sleepy,1101.9555555555555,3
howling,1065.2,2
mountain,918.5416666666666,2
shepherd,916.9333333333333,3
train,912.3333333333334,2
owl,905.6309523809523,4
vacuum,887.4659090909091,2
penguin,870.3333333333333,2
hop,866.6666666666666,2
leopard,842.8484848484849,3
adorable!,823.0,2
winter,805.3333333333334,2
careful,784.5,2
chubby,773.5555555555555,3
daddy,771.8205128205128,2
special,764.7142857142857,2
