word,score,mentions
classic,665.3958333333334,4
villains,661.7179487179487,3
brushie,579.0,2
bruce.,531.5625,2
recycled,461.1875,2
"oh,",459.2,2
mark,441.5,3
stark,435.16666666666663,2
poor,423.375,4
tattoo,408.3571428571429,3
disguise,400.91666666666663,2
scumbag,397.5555555555556,3
joker.,392.21655844155845,4
fear.,360.8333333333333,2
relevant,355.58333333333337,2
professor,350.0,2
scarecrow,322.75,2
master,317.3194444444444,3
interesting,304.8026315789474,2
watchful,297.11538461538464,2
shirt.,284.2361111111111,2
moment.,282.70238095238096,2
catwoman,276.2457142857143,5
lunch,276.11111111111114,2
message,273.6060606060606,2
