word,score,mentions
bail'n,564.75,2
jetbro,490.16666666666663,2
fail,480.1666666666667,2
forget!,472.9166666666667,2
operation,442.98125000000005,16
famas,437.6041666666667,2
bored,406.3333333333333,2
eye,379.75,2
secret,372.35714285714283,2
top,353.3625,2
honk,344.5,2
true...,335.5,2
paging,328.0,2
tags,323.57142857142856,2
agent,316.9,2
seriously,316.75,2
iron,316.5805555555556,3
sights,316.5805555555556,3
happy,309.5,2
hey,296.0692307692307,3
now!,294.53333333333336,2
marines,294.4166666666667,2
roadkill,293.5,2
posters,287.2916666666667,2
plays,286.66666666666663,2
