word,score,mentions
china,383.6666666666667,2
well.,362.75657894736844,2
troll,320.5,2
friends,282.3787878787879,3
/r/fitness,279.82738095238096,2
explained,272.0952380952381,3
impossible,258.90476190476187,4
calmly,258.59375,2
experiment:,253.35714285714286,2
literally,251.32,2
savage,250.56818181818184,3
well,250.3533333333333,5
"out""",241.4233870967742,2
/r/trees,240.25,2
reddit's,231.492784992785,6
badass,230.00068376068378,5
/r/bestof,229.92460317460316,3
shitty_watercolour,223.83333333333334,2
serious,221.13636363636363,2
adam,217.87613636363636,4
creepy,212.71428571428572,2
prank,211.54166666666669,2
sound,211.5,2
system,211.09365079365085,5
walk,209.2,2
