word,score,mentions
rocks,1244.2,2
todd,790.3666666666667,3
hey,784.65,2
bitch!,654.4142857142857,7
"badger,",646.0,2
now.,571.5111111111112,3
heisenberg?,568.1111111111112,3
vs,567.4583333333334,2
tarantino,556.6,2
hank's,556.25,2
unsung,550.625,2
[oc],534.25,3
cooking,533.5,3
yeah,528.2171717171717,3
r/breakingbad,519.1583333333333,3
fly,518.3492063492064,3
christ,518.1666666666667,2
mythbusters,517.7857142857142,2
sense,509.1,2
bitch,492.6309523809524,4
american,475.5,2
marie,469.0416666666667,6
meets,465.6666666666667,3
said.,464.33333333333337,2
'nuff,464.33333333333337,2
