word,score,mentions
zombies,1450.8333333333333,2
hair,1381.75,2
eve,1324.25,2
kids,1300.0238095238094,3
inception,1298.5,2
again,1255.875,2
spider,1201.611111111111,3
meeting,1132.5,2
sheila,1064.0625,2
please.,992.9,2
"one,",984.625,2
why?,981.5,3
test,967.8333333333333,2
evolving,953.0,2
evil,912.1666666666667,2
laundry,900.3333333333333,2
money,898.9583333333334,4
that.,889.5,2
"oh,",870.2222222222222,3
yes.,856.625,2
helpful,847.8888888888888,3
use,770.125,2
dad.,768.0,2
second,760.1875,2
up.,748.1309523809524,3
