word,score,mentions
terminator,479.5,2
mary,444.15,2
witchblade,441.0833333333333,2
lucy,383.1,2
lara,375.60317460317464,3
cocktease,318.83333333333337,2
molotov,318.83333333333337,2
jasmine,315.43333333333334,2
badass,303.08333333333337,2
ruby,292.46666666666664,2
firefox,291.375,2
fionna,288.5,3
edition,287.25,2
jane,285.92704545454546,4
nice,279.9848484848485,2
miku,270.52777777777777,2
aang,266.0238095238095,2
venom,262.35,2
penguin,259.1142857142857,2
having,244.8813025210084,4
brave,241.30208333333334,2
joker,238.52222222222224,12
remember,233.125,2
pokemon,232.86999999999998,5
bane,229.88282247765008,6
