word,score,mentions
transformation,1229.9166666666667,2
sexy,1095.4583333333335,4
deep,962.75,2
text,935.9119047619048,7
beautiful,935.0238095238095,3
kid.,919.8333333333334,2
intellectual,914.1666666666667,2
&lt;3,876.1296296296296,6
u,865.3676190476192,5
wingman,858.1666666666666,2
far,799.6388888888889,2
okcupid,728.7293333333333,5
ready,726.1333333333334,2
happens,704.4285714285714,2
boy,697.7222222222222,3
single!,693.5,2
brave,683.625,2
pornstar,683.4,2
oh,666.1068681318682,8
100%,660.14,2
dad,658.5959595959596,3
"""what's",657.2870370370371,3
king,637.5380952380953,2
boyfriend,628.275,5
selfie,615.78125,4
