word,score,mentions
@,539.0333333333333,2
rng,524.75,2
enigma,502.41666666666663,2
chaos,495.16666666666663,2
wallpapers,435.25,2
calls,403.30555555555554,2
prophet,401.07407407407413,3
master,397.5,2
baby,396.86538461538464,2
papercraft!,382.3333333333333,2
merlini,363.4166666666667,2
doto,362.75,2
poor,358.25,2
mushi,348.5555555555555,3
changelog,343.8055555555556,3
supporting,338.0079365079365,3
hotbid,337.625,2
black,330.6666666666667,3
choo,327.5,2
tidehunter,324.4015151515152,3
ii,323.35,2
windrunner,308.81666666666666,4
day!,307.8888888888889,2
cleave,307.55,2
fuck.,305.7,2
