word,score,mentions
seriously...,1089.904761904762,3
boss...,998.5,2
google,849.3333333333334,2
mind,813.4848484848485,3
evolution,782.75,2
too...,732.75,2
horrible,712.6666666666666,3
fucked,659.452380952381,3
spoiled,653.7,2
wtf,646.3333333333334,2
math...,617.9583333333333,2
really?,607.2033333333334,5
before,605.8333333333334,2
seriously?,600.6818181818181,2
lol,592.3333333333334,3
fail,591.5,2
logic...,564.9,3
"ugh,",558.2,2
math,554.6666666666667,2
people.,549.3444444444444,5
hard.,545.8333333333334,3
what?,534.987619047619,5
wow.,534.3333333333334,2
oblivious,523.5416666666666,2
real,509.34523809523813,4
