word,score,mentions
fosters,193.39236111111111,2
regarding,190.92929292929296,3
explanation,188.5,3
pacman,186.66666666666669,2
/r/funny),163.2171717171717,2
(x,162.98333333333335,2
album,160.91935483870967,2
r/funny),160.67445054945054,4
black,156.93749999999997,4
/r/pokemon),153.31675824175827,4
forever,153.05238095238096,3
origin,148.83333333333334,4
fantheory,147.25925925925927,3
"life,",144.725,2
genius.,143.08333333333334,2
prince,141.59558823529412,2
fresh,141.59558823529412,2
dog,136.9142857142857,2
courage,136.9142857142857,2
cowardly,136.9142857142857,2
ash,136.5221288515406,4
xpost,135.63095238095238,2
(not,134.5026455026455,3
imaginary,133.8070286195286,3
gatsby,130.00625,4
