word,score,mentions
buffet,406.0,2
whale.,393.56060606060606,2
/fit/,352.8452380952381,4
chinese,325.1,2
coffee,284.8363636363636,2
feels,273.6555555555555,3
sexy,262.08333333333337,2
drinks,253.16666666666666,2
disability,245.775,2
excuse,242.73214285714286,3
their,230.90256410256407,3
herself,221.23333333333335,2
beyond,208.5,2
love,206.59012987012989,5
mad,206.42753623188406,2
vii:,204.725,2
following,197.53125,2
successful,196.66071428571428,2
wanted,195.64285714285714,3
ride,195.50436507936507,4
rustled.,189.8125,2
breaks,189.11111111111111,2
class,186.34150793650792,5
born,183.88095238095238,2
order:,180.875,2
