word,score,mentions
heads,425.8458333333333,5
waffle,383.304260651629,3
hanged,310.46031746031747,2
patrick,297.9875,2
blue,259.1852107048653,12
soapy,239.44285714285715,3
tiger,237.21429874784718,5
camel,230.8846153846154,3
bald,225.32738095238093,2
website,222.05882352941177,2
rock,221.44444444444446,2
lindsay,207.85714285714286,2
chocolate,201.1625,4
fellatio,199.83333333333334,2
superman's,189.56547619047618,3
proposal,188.57457983193277,3
surprise,187.3615384615385,9
erection,186.6825396825397,2
wound,185.1777777777778,2
flexibility,185.0,2
[50/50](nsfw),182.58088235294116,2
schroedingers,181.5,2
orange,179.90151515151516,2
bar,179.2123015873016,3
chair,176.4,2
