word,score,mentions
explained,569.5,2
c'mon,498.25,2
coincidence?,464.25,2
science,406.8518518518519,3
scruffy.,405.54761904761904,2
calendar,397.6136363636364,2
captain,393.2368421052632,2
bender's,373.5995454545454,10
cycle,354.43939393939394,2
neighbors,334.20833333333337,2
"oh,",323.7107142857143,4
explain,319.66666666666663,2
this!,319.66666666666663,2
me!,318.34642857142853,4
calculon,317.0,2
fun,312.32575757575756,3
yesterday,307.7955182072829,3
before.,305.58333333333337,2
7,303.66666666666663,2
sounds,301.3888888888889,2
amy's,296.6313131313131,3
remember,294.88660714285714,4
bender.,290.22222222222223,3
"sad,",289.48,2
regular,276.675,2
