word,score,mentions
picture,369.7083333333333,2
punctuation:,342.24195075757575,8
fez,334.4791666666667,2
steam!,316.0333333333333,2
riccitiello,312.9666666666667,2
cancelled,312.93939393939394,2
pictures,295.1,2
screenshot,286.74285714285713,2
davis,283.03246753246754,2
blizzard:,280.4256854256854,3
big,280.4022222222222,3
heist,273.1470588235294,2
hacked,271.88425925925924,3
live!,270.3333333333333,2
thread,270.05,6
longer,269.92121212121214,3
bringing,268.3571428571429,2
bundle,267.83215867264784,12
fifa,267.8,2
greenlit,267.0,2
(game,264.5818181818182,2
zero,254.17227485399755,13
bleszinski,253.4125,2
2077,252.74019607843135,2
twitch.tv,252.5773420479303,3
