word,score,mentions
wtf,1189.0,2
scumbag,1181.75,2
cop,1101.0833333333333,2
awkward,1063.6944444444443,2
papercraft,860.4444444444445,3
graffiti,858.9499999999999,3
"you,",847.4333333333334,3
skyrim.,814.0,2
hold,781.0666666666666,2
master,767.0714285714286,4
ronaldo,751.5833333333334,2
bomberman,735.4473684210526,2
red,720.1818181818182,2
words,713.9875,2
tyrael,663.875,2
gamers,655.39375,2
ice,648.0,2
fired,637.4112903225806,2
kill,637.3666666666667,2
country,631.9166666666666,2
nutshell,626.0555555555555,3
kingdom,623.8333333333333,2
hedgehog,608.35,3
again...,598.5,2
australia,596.5,2
