word,score,mentions
poor,783.638888888889,6
wizard!,652.5833333333334,2
lavender,546.7142857142858,2
classic,530.5,2
hogwarts...,508.6590909090909,2
forever,499.27,2
voldy,495.5,2
sooo,487.0,2
ten,486.2916666666667,2
draco,483.8,5
slytherin,462.1809523809524,3
knitted,444.7051282051282,3
umbridge,442.75,2
"one,",441.76666666666665,2
quidditch,440.1,2
dammit,427.3833333333333,2
feels,424.13888888888886,3
azkaban,412.6875,2
"oh,",409.7083333333333,3
professor,405.6984126984127,3
10,398.390931372549,4
wins!,393.88888888888886,2
there's,391.875,2
mcgonagall,378.4282828282828,3
horcrux,378.12698412698415,3
