word,score,mentions
gkmc,243.9375,2
announced,239.67857142857144,2
wearing,230.75,2
facebook.,204.76785714285714,2
r.i.p.,184.54545454545453,3
platinum,182.66883116883116,3
3000,177.6111111111111,2
guide,172.25527797325825,7
chain,171.875,3
american,167.70634920634922,2
leaked,166.58333333333331,2
ross,166.42777777777775,5
gone,161.5793650793651,3
thread.,159.13333333333335,2
yeezus,157.69958677685952,11
i'm,156.25493474981968,4
leaked.,153.43222222222224,5
worst,147.33333333333331,2
interest,146.79166666666669,2
uploaded,141.14285714285714,2
"old,",136.22252747252747,2
artwork,132.4,4
aziz,130.2,2
ansari,130.2,2
covers,128.375,2
