word,score,mentions
upvote.,203.175,2
totally,203.0252525252525,3
strategy,188.125,2
i'll,186.41111111111113,3
queen,185.38636363636363,2
orzhova,184.2,2
quick,176.67045454545456,2
mat,173.14473684210526,2
delver,162.30882352941177,2
brad,161.15,2
:),160.79634409163822,8
come,160.76785714285714,2
stage,159.55882352941177,2
when...,159.4625,2
delete,156.4078947368421,2
repost),156.4078947368421,2
(will,156.4078947368421,2
espn,154.35714285714286,2
power,153.82142857142858,2
seems,153.75,3
fblthp,150.29166666666666,4
spoiled!,147.1,2
titans,146.92857142857144,2
zendikar,146.69642857142858,2
nerdiest,146.38095238095238,2
