word,score,mentions
shadow,373.91666666666663,2
hanar,359.3157894736842,2
"hey,",316.31904761904764,3
ol',300.5,2
stay,290.7083333333333,4
scumbag,281.8958333333333,4
cosplay!,278.4428104575163,3
victory,266.3,2
paragon,263.0526315789474,2
tali'zorah,261.26785714285717,7
genius.,254.35714285714286,3
edi,253.74415204678363,6
oh,250.35,5
mordin,248.67857142857144,6
shepard’s,238.27083333333334,2
kaidan,233.8769841269841,3
work,232.61111111111111,3
alive,229.58333333333334,2
dat,228.0,2
wrong.,224.89393939393938,2
joker,219.71368446368447,6
sounds,212.58333333333334,2
dinosaurs,206.9,2
three,206.79166666666666,2
rannoch,205.94444444444443,3
