word,score,mentions
vs,762.3777777777777,3
bear,736.9428571428571,2
isn't,642.3333333333334,2
japan,635.0,2
egg,628.25,4
five.,598.4166666666666,2
speed,596.0,2
cracker,547.0,2
draining,535.125,2
crooked.,507.9375,2
beautiful.,503.1041666666667,2
safety,496.7708333333333,2
saltine,488.1111111111111,2
barcode,475.3958333333333,2
captcha,473.59999999999997,2
drives,472.8833333333333,2
call,461.7261904761905,2
cannot,458.0892857142857,2
folded,454.0151515151515,2
skull,450.92857142857144,2
sky,448.5952380952381,2
auto,443.0,2
tire,437.5,2
trimmer,436.6333333333333,2
beard,436.6333333333333,2
