word,score,mentions
acatsuki.,260.6875,2
generations,257.1875,2
exactly,248.16666666666666,2
kunoichi,238.75,2
rock,211.33392903392902,6
627,186.25,2
kisame,180.04166666666666,2
kakashi's,177.20714285714286,4
jiraiya....,170.25,2
point,168.44444444444443,2
638,164.5,2
it?,163.0648148148148,3
different,156.85227272727275,4
future,155.4318181818182,2
susano'o,154.5,2
lee's,150.32905982905982,2
hinata's,147.45,2
revenge,147.07142857142858,3
theory...,146.23333333333332,2
enjoy,145.81666666666666,2
sasuke.,145.66666666666666,2
konan,145.5,4
hinata,141.70512820512818,8
badass,140.14444444444445,3
let's,138.88888888888889,2
