word,score,mentions
unamused,877.125,2
soldiers,832.1875,2
gorilla,627.4583333333333,2
horrified,545.25,2
surfer,543.5,2
karate,538.75,2
tiger,522.0,2
fighting,521.3888888888889,3
ocean,517.75,2
polar,493.87619047619046,3
seal.,476.41666666666663,2
owl.,459.3666666666666,3
wayne,445.65,2
overly,442.79999999999995,3
photographer,442.36257309941516,3
duck,421.26666666666665,3
dinosaur,419.9583333333333,2
50k,416.72222222222223,2
lions,405.39285714285717,2
eagle,400.55555555555554,2
walrus,388.5,2
battling,387.75,2
viking,383.5,2
scary,382.2,2
impressed,374.25,2
