word,score,mentions
please,2052.3194444444443,3
chicago,1772.1666666666667,3
irish,1743.46875,2
whale,1415.3636363636363,3
meteorite,1375.75,2
wolf,1343.1904761904761,2
ad,1130.6166666666666,2
snow,1088.7777777777778,3
foot.,1073.6538461538462,2
horses,1034.4264705882354,2
canadian,986.3333333333333,2
preserved,974.375,2
calm,969.7222222222222,2
portraits,955.9583333333334,2
street,940.1833333333334,3
fuck,937.5111111111111,3
meeting,924.4568965517242,2
secret,915.9435483870968,2
lake,915.6458333333334,2
harrison,878.6666666666666,2
cake.,878.65,2
town,875.0,2
overgrown,872.3958333333333,2
woods,872.3958333333333,2
post,852.5312033268151,8
