word,score,mentions
oh,1132.2,5
spoiler,1094.9545454545455,2
umbreon,957.875,2
who!,921.0,2
pokéballs,880.5666666666667,2
"shit,",848.1,2
logic,844.4104166666666,8
forever,836.6666666666666,3
god...,810.0,2
gary,794.0833333333333,2
reddit,773.3333333333333,2
electrode,768.4166666666667,2
surfing,765.8333333333333,2
confused,759.7333333333333,2
poor,755.078125,8
nostalgia,720.5,2
guess,712.6666666666666,3
silly,705.0,3
finally!,703.0148148148147,3
mewtwo!,658.3333333333333,2
scumbag,650.4166666666666,2
diglett,644.5176767676768,3
pikachu!,640.4166666666666,2
theory,609.9166666666666,2
mewtwo,597.7472222222221,6
