word,score,mentions
sunset,936.3333333333334,2
alchemy,895.4962962962964,3
shor's,704.25,2
bones!,704.25,2
day!,698.0,2
dat,679.75,2
"bethesda,",642.2539682539683,3
sanctuary,639.5,2
o_o,620.4761904761905,2
dear,579.25,3
ulfric,578.8333333333334,3
homemade,575.0,2
arrow,540.5416666666666,2
action,509.55,2
2012,509.30357142857144,2
frost,505.8333333333333,2
trolls,505.8333333333333,2
nirnroot,502.96875,2
oh...,492.66666666666663,2
vs,482.0,3
fucking,478.9642857142857,2
interesting,474.3333333333333,2
see...,472.8428571428571,3
recently,471.1333333333333,2
sheogorath.,467.5238095238095,2
