word,score,mentions
demoman's,531.0,2
fuck,526.5,2
1920s,519.3333333333334,2
silly,513.45,2
2fort,461.0666666666666,5
karma,458.8809523809524,2
pyromania:,450.66666666666663,2
up!,444.3928571428571,2
war,427.5666666666667,2
oh,426.91666666666663,4
/v/,425.29166666666663,2
red,403.5301820839979,10
enemy,397.75,2
behind,377.0833333333333,2
creed,374.8333333333333,2
thanks,369.28888888888883,3
scumbag,358.4,2
meaning,354.6333333333333,2
mercenaries,348.65,2
posters,348.0,2
mate.,340.21367521367523,3
blu,339.6888315932434,7
spy's,336.21666666666664,5
lunch,335.0,2
great,323.9297619047619,7
