word,score,mentions
"oh,",722.75,2
taking,640.3,2
priorities,603.3333333333333,2
poor,589.3333333333334,6
true,550.9642857142857,3
no...,546.8,2
crossbow,520.75,2
february,515.1428571428571,2
true...,514.5833333333334,2
seriously,496.5,2
goodnight,488.1111111111111,3
bitch,487.77777777777777,3
michonne's,485.125,2
badass,470.2187179487179,5
logical,458.73333333333335,2
classic,451.6666666666667,5
merle.,432.9375,4
glen,430.5923809523809,5
maggie.,429.91666666666663,2
oh,425.1306122448979,7
logic,422.77777777777777,3
downvote,418.64444444444445,3
hey,416.7083333333333,2
dixon,414.77897102897106,7
grumpy,414.4,2
