word,score,mentions
beach,854.4666666666666,3
banana,831.5,2
fight,701.6666666666666,3
surprise!,617.75,2
simply,508.95833333333337,2
smack,479.1,2
band,472.0,2
bottle,462.1666666666667,2
buying,454.625,2
kick,449.875,2
you.,436.229797979798,3
wrestling,417.5,2
both,415.5,2
ways...,415.5,2
circle,399.0,2
pong,390.125,2
shot,376.5833333333333,3
pain,368.5,2
magic,364.5,2
red,362.09999999999997,2
happy,348.8333333333333,2
jump.,336.3,2
cat.,335.0,2
feels,329.65,2
nice.,321.3,2
