word,score,mentions
how?,1267.8333333333333,2
thief,975.9166666666667,2
confiscated,938.8310708898944,3
gone,927.2096774193549,2
sweet,889.0760869565217,2
scumbag,880.1770833333334,3
(nsfw),873.375,2
knock,861.0,2
australia,845.6,2
holy,803.7316666666667,5
what?,790.4375,2
leg,753.4666666666667,3
highway,743.452380952381,2
underwater,690.6761904761905,3
bomb,681.9736842105264,2
supermarket.,681.4583333333334,2
dubai,670.75,2
mantis,665.5833333333334,3
lion,663.1363636363636,2
homeless,659.9078947368421,2
meanwhile,639.3666666666667,2
great,637.6842105263158,2
gun,627.2885057471264,3
delivery,610.3136363636363,2
soviet,606.0833333333333,2
