word,score,mentions
perfect,411.4166666666667,2
god,395.33333333333337,2
motherfucker,388.7857142857143,2
advice,379.5833333333333,2
gay,359.6875,2
paper,347.79166666666663,2
catch,337.89583333333337,4
brutal,334.3333333333333,2
slide,330.2,3
games.,317.52083333333337,2
internet,315.7,2
[0:07],312.025,4
watch,308.7576923076923,4
hard,305.125,2
ending,301.775,2
summer,290.68333333333334,2
pong,289.95714285714286,2
trap,289.6666666666667,2
world's,288.9777777777778,3
birds,287.60714285714283,2
mario,287.2153846153846,2
ohh,286.03333333333336,2
pulp,285.4111111111111,3
bob,280.825,2
airplane,277.45238095238096,2
