word,score,mentions
"thanks,",517.5,2
hyrulian,462.7,2
logic,453.45000000000005,4
sudden,446.82142857142856,2
[fixed],441.35,2
problems,439.06666666666666,3
realization,404.52272727272725,2
fi,345.625,2
link...,340.8333333333333,2
smash,329.3333333333333,2
skyrule,328.6666666666667,2
lego,315.50793650793656,3
watch,312.7393162393162,3
triforce,310.9378306878306,6
navi,309.5625,4
#1,299.26666666666665,2
scumbag,291.5,2
hearts,290.875,2
hell,285.4166666666667,3
woods,281.9583333333333,2
learning,276.6428571428571,2
bad,276.5833333333333,2
poor,273.064182194617,7
dollar,268.6095238095238,5
lamp,268.5,2
