word,score,mentions
unchained,505.5,2
meanwhile,459.33333333333337,2
artistic,403.85714285714283,2
tomoko,386.0,2
nichijou,373.6,2
┻━┻,361.0,2
father's,346.8333333333333,2
homemade,341.0,2
dat,323.1666666666667,3
emblem,321.4,2
saber,314.4,2
nom,313.0,3
asuna,293.5,2
forget,282.21754385964914,3
ever.,270.5,2
during,269.95833333333337,2
memories,269.25,2
"you,",266.75,2
shit.,264.25,2
mikasa,250.33603896103895,8
military,247.9375,2
"meanwhile,",233.0,2
pencil,221.7,2
ryuk,221.0,2
neighbor,219.4345238095238,4
