word,score,mentions
lazy,793.5833333333334,2
kiss,595.25,2
mean,581.875,2
sneaky,554.8333333333334,2
finish,525.6,3
it...,497.5,2
peck,478.5,2
booga,429.0,2
neighborhood,426.3333333333333,3
licking.,425.2,2
evil,424.4333333333334,3
him!,421.2,4
enough!,412.6666666666667,3
surprise!,399.0,2
belongs,399.0,2
panda,396.33333333333337,2
stay,390.32,5
using,375.5571428571428,2
bullying,360.825,2
dirty,353.875,2
beep,350.00000000000006,4
crow,346.0833333333333,2
out!,345.3125,4
elephant,342.16666666666663,2
frank!,336.5416666666667,2
