word,score,mentions
*too,2648.0,2
battletoads,2465.1,2
autopilot,2448.1944444444443,2
boop,2268.4666666666667,6
gotcha,2260.5,2
fearless.,2184.5,2
unboxing,2100.5,2
boo!,2060.1666666666665,4
well.....,1851.2051282051282,3
chaos.,1792.8333333333333,2
bonerville,1737.8333333333333,2
doctorama,1733.0,2
beep.,1684.8333333333333,2
husky/retriever,1680.75,2
happyness,1597.3392857142858,2
olé!,1585.5,2
ouch,1569.9166666666665,4
snowfall,1559.6666666666665,2
solution.,1540.0208333333333,2
oop,1539.3,2
rawr!,1535.1,2
sweetroll,1525.8333333333333,2
magic!,1501.1538461538464,3
hop!,1493.875,2
infinitea,1481.9,2
