word,score,mentions
nyaa~,108.25,2
(pokemon),91.5,2
chu,91.5,2
^_^,81.9375,2
embarrassed,79.75,2
pokemoe,76.08333333333333,2
lagann],75.66666666666667,2
[k-on],75.58453120378587,7
fashion!,75.33333333333333,2
yes,73.63333333333334,2
[madoka★magica],70.97619047619048,4
sisters,68.33333333333333,2
play,66.5111111111111,3
[reddit],64.50694444444444,2
[evangelion],63.55555555555556,2
time.,61.63383838383838,4
[monogatari],60.06666666666666,3
[oregairu],59.29166666666667,4
[gif],58.25,2
these,58.029629629629625,3
[pokemon],57.05555555555555,3
shion-san.,57.0,2
mario],55.92857142857143,2
:3,55.14642857142858,5
pika,55.0,2
