word,score,mentions
autopilot,2448.1944444444443,2
boop,2407.05,4
bonerville,1737.8333333333333,2
husky/retriever,1680.75,2
kisses,1609.5,2
depression.,1588.611111111111,2
rawr!,1535.1,2
sweetroll,1525.8333333333333,2
ilerminaty,1412.5714285714284,3
dodger,1386.5833333333333,2
smooth.,1328.611111111111,4
wakey!,1286.5,2
cleffengar,1238.6666666666667,2
father...,1098.1875,2
howling,1065.2,2
wat.,1045.0,2
adventure!,1039.2857142857144,3
ok!,1007.6666666666666,2
badasses,997.9166666666666,2
balloons,969.4666666666667,2
dashing,969.0,2
dad?,965.8333333333334,2
umbreon,957.875,2
confiscated,938.8310708898944,3
comic!,936.1,2
