word,score,mentions
"""on",214.5,2
exists.,177.74404761904762,4
raining,160.46666666666667,2
spoon,145.47549019607843,2
'where's,133.33333333333334,2
lad,128.58333333333334,3
bible,128.58333333333334,3
exists,124.17391304347827,2
spreadable,124.01010101010102,3
woolworths,117.93452380952381,2
eye,117.33333333333333,2
bin.,116.66811594202898,3
grow,111.65760869565217,2
arrived,103.30065359477123,3
yobs,101.59803921568627,2
talent,96.67142857142856,2
£5,95.15625,2
bloody,94.54722222222222,3
shirtless,93.09666666666666,5
chavs,92.89938271604939,3
britain's,91.42380952380954,3
morgan,89.0138888888889,3
kyle.,86.75,2
"less""",85.86666666666667,2
basically,85.74305555555556,2
