word,score,mentions
1948,269.45,2
prototype,232.8,2
furai,218.11111111111111,3
plymouth,217.08333333333334,2
hemi,207.5,2
tron,203.25,2
angry,197.51388888888889,2
[1600x1064],195.0,3
action,190.45555555555555,3
streetfighter,186.45,2
rx-3,179.5,2
[1680x1120],175.86666666666667,2
[1500x938],170.30555555555557,3
580],169.83333333333331,2
one-77,166.6638888888889,6
zr1,163.5,2
turismo,162.60625,2
[1024x664],162.3,2
[1280x741],161.875,2
640],160.43154761904762,4
cadillac,153.9360606060606,5
612,153.31666666666666,2
firebird,153.05555555555554,3
challenger,148.70333333333332,10
p1,147.9,8
