word,score,mentions
chips.,2562.25,2
battletoads,2465.1,2
autopilot,2448.1944444444443,2
boop,2407.05,4
goddammit,2211.0,2
fearless.,2184.5,2
ouch,2028.5555555555554,3
chaos.,1792.8333333333333,2
bonerville,1737.8333333333333,2
doctorama,1733.0,2
beep.,1684.8333333333333,2
husky/retriever,1680.75,2
lifts,1656.4512820512819,3
olé!,1585.5,2
caged,1571.875,2
solution.,1540.0208333333333,2
rawr!,1535.1,2
sweetroll,1525.8333333333333,2
ilerminaty,1412.5714285714284,3
dodger,1386.5833333333333,2
depression.,1344.9629629629628,3
gorilla,1338.875,2
beethoven,1334.235294117647,2
godammit.,1309.25,2
unstoppable,1299.1666666666667,2
