word,score,mentions
you!,615.2368421052631,2
five,570.4166666666666,2
101,550.4230769230769,2
(again),409.73333333333335,2
single,403.4,2
typical,395.5625,2
bad,395.0196078431373,2
"cool,",391.25,2
puppet,389.33333333333337,2
weeks,367.48333333333335,3
greendale.,358.2166666666667,3
system,355.8,2
"winger,",353.3125,2
greendale!,346.0922619047619,3
boobs,341.6388888888889,2
shirley,337.8809523809524,2
happy,329.2650581444699,17
understand.,325.82142857142856,2
dan's,321.7,2
conspiracy,321.4,2
calendar,315.0357142857143,2
starburns,307.32222222222225,3
"birthday,",301.75,2
story,301.5208333333333,4
rip,300.22222222222223,3
