word,score,mentions
reddit.,434.2457912457912,3
"classy,",434.2457912457912,3
charming.,388.0,2
stay,346.3989898989899,5
11,314.04347826086956,2
pineapples.,307.0,2
rejection?,298.6309523809524,2
freaked,270.32142857142856,2
luck.,267.0357142857143,2
admirer,204.68333333333337,3
whole,203.91111111111113,2
sorry.,199.33333333333334,2
(okc),179.90793650793654,5
persistent,173.55,2
gotta,171.39702380952383,3
gotten,168.86904761904765,4
scared,162.08857370699477,4
pics,161.47058823529412,2
"oh,",159.29166666666666,3
info,157.34375,2
secret,156.46045454545455,5
guy's,155.9724025974026,3
small,153.625,2
hands,153.38888888888889,2
"today,",152.69565217391303,2
