word,score,mentions
facial,648.3333333333334,2
standing,643.1666666666666,2
offering,601.75,2
dare,509.9166666666667,2
1916,462.625,2
welcome,454.69047619047615,2
dinner,435.0,3
demons,395.125,2
plague,389.5,2
frozen,378.76190476190476,2
he's,370.5,3
pony,362.3333333333333,2
demon,349.47727272727275,2
"location,",338.0,2
masks,337.1666666666667,2
dog,324.0392857142857,5
terror,322.1418918918919,2
simpsons,317.0,3
playground,315.42857142857144,2
disney,313.8125,2
box,305.32894736842104,2
deer,296.575,2
[nsfw],288.2277777777778,3
beach,287.58333333333337,2
tree,286.7142857142857,2
