word,score,mentions
gentleman,2037.0,2
fear.,1765.1666666666667,2
bonerville,1737.8333333333333,2
husky/retriever,1680.75,2
kisses,1609.5,2
rawr!,1535.1,2
wakey!,1286.5,2
panda,1283.9666666666667,3
aliens,1279.9615384615386,2
sleepy,1101.9555555555555,3
howling,1065.2,2
philly,1034.3564213564214,3
confiscated,938.8310708898944,3
shepherd,916.9333333333333,3
mutual,891.563492063492,3
caucasian,861.3888888888889,2
thug,858.75,2
asthma,853.9423076923077,2
god...,849.6,2
adorable!,823.0,2
holder,819.3409090909091,2
&lt;3,809.5378693528693,10
yay,807.5,2
mastiff,793.9722222222222,2
activate,780.0083333333333,2
