word,score,mentions
mom!,564.5,2
creates,538.1666666666666,2
basketball,464.47222222222223,2
gamer,441.83333333333337,2
explained,440.08333333333337,2
math,415.5,2
fellow,413.69047619047615,2
night,385.7203703703704,4
end,376.8642543859649,4
(super,373.54761904761904,2
joke,349.4,2
7,335.67063492063494,3
juggalos,333.16666666666663,2
people.,332.0416666666667,3
girlfriend.,330.1666666666667,3
promo,329.91666666666663,2
awesome,315.6592592592592,3
minutes),313.7083333333333,2
strong,302.03977272727275,2
bad.,299.89529914529913,3
vs,295.1611111111111,3
creepy,288.16053921568624,4
work,284.05555555555554,2
wedding,282.4661111111111,5
miserably,279.0,2
