word,score,mentions
raining,190.47916666666669,2
1990,184.6875,2
anime?,178.5,2
broken,163.6125,2
posts?,160.79166666666669,2
"like,",151.35777777777778,2
smell,146.74907235621524,7
loud?,146.5,2
ones?,146.005291005291,3
10,145.6794642857143,4
introducing,145.41666666666669,2
rain,140.38359788359787,3
checking,136.55238095238096,3
masturbating?,134.9,2
porn?,134.84814814814814,3
pair,133.6244008714597,3
facial,132.61666666666667,2
account,132.08646616541353,2
loud,130.13939393939395,3
nose?,128.39999999999998,2
regardless,126.02272727272727,2
wet,125.00812324929973,5
wear,123.84590425913954,5
robbed,123.57727272727271,2
meow,122.5,2
