word,score,mentions
bryan,666.125,2
gillian,656.388888888889,3
c.k.,643.1111111111111,2
nye,580.7619047619048,2
scammers,576.25,2
davis,557.5833333333333,2
roger,543.8125,4
"hadfield,",529.7222222222222,2
louis,512.8293650793651,7
nigerian,481.4078947368421,2
time!,472.90416666666664,2
ck,464.25,2
theroux,458.36111111111114,3
snoop,454.0042735042735,3
subreddits?,443.225,2
hans,441.5416666666667,3
zimmer,441.5416666666667,3
troll,437.2222222222222,3
mythbusters.,431.3333333333333,2
snowden,413.58333333333337,2
buffet,406.0,2
gates,398.18560606060606,2
style!,397.4166666666667,2
gaiman,397.25,2
voting,396.20512820512823,2
