word,score,mentions
bora,636.5873015873016,6
[1968x1310],591.8,2
"flatirons,",591.8,2
siberia,584.2222222222222,2
"pomerania,",537.0666666666667,2
[2074x1296],526.4166666666666,2
lanka,509.66666666666663,2
sri,509.66666666666663,2
"sunrise,",488.77777777777777,3
"allgäu,",480.33333333333337,2
turkey,476.6190476190476,2
"pamukkale,",476.6190476190476,2
[1280x853],476.10555555555555,3
[1350x900],453.5238095238095,2
lost,447.1875,2
peyto,440.375,2
night,439.03030303030306,2
"måbødalen,",435.7708333333333,2
fuji,431.7708333333333,2
co,426.0547619047619,5
victoria,416.4861111111111,3
mongolia,412.7857142857143,2
"geirangerfjorden,",412.03508771929825,2
libyan,410.8333333333333,2
"dolomites,",408.4969696969697,3
