word,score,mentions
please,553.0,2
wife,468.5,2
liberty,467.5,2
fuck,369.69166666666666,4
computer,350.05,2
[empty],343.625,2
guy.,340.0040477236129,6
"oh,",317.0416666666667,2
x,316.6212121212121,2
president,309.6,2
karma,308.8157894736842,2
girl,306.1666666666667,2
logic,292.77959183673465,7
ranger,286.21777777777777,5
brown,285.6666666666667,3
oh,273.8825396825397,6
party,273.625,2
who's,268.35,2
pre-war,260.67857142857144,2
cosplay,258.5092592592593,6
change,247.52777777777777,2
welcome,237.875,2
ever.,237.67857142857142,2
happy,234.01289682539684,6
:d,233.59744268077603,3
