word,score,mentions
chips.,2562.25,2
autopilot,2448.1944444444443,2
boop,2407.05,4
lifts,2230.076923076923,2
goddammit,2211.0,2
ouch,2028.5555555555554,3
bonerville,1737.8333333333333,2
doctorama,1733.0,2
beep.,1684.8333333333333,2
husky/retriever,1680.75,2
depression.,1588.611111111111,2
olé!,1585.5,2
solution.,1540.0208333333333,2
rawr!,1535.1,2
sweetroll,1525.8333333333333,2
ilerminaty,1412.5714285714284,3
dodger,1386.5833333333333,2
gorilla,1338.875,2
hug?,1296.0,3
busted.,1291.4347826086957,2
wakey!,1286.5,2
cosby,1272.0,2
hmm...,1265.0833333333333,2
cleffengar,1238.6666666666667,2
chatroulette,1175.65625,2
