word,score,mentions
lucid,1282.0,2
zoo,1258.625,2
why?,1243.5,2
space,1182.0833333333333,3
hurt...,1037.75,2
him.,1013.4,3
sadness,1008.5,2
mom's,936.25,2
trap,860.1666666666667,2
texting,850.5833333333333,2
suddenly,825.75,2
food,815.25,2
pizza,812.0,2
that...,806.4,2
logic,805.5666666666667,5
naked,800.8333333333333,2
men's,783.4,2
happy,780.0416666666666,3
siri,770.75,2
friends!,765.6666666666666,2
memories...,758.1666666666667,2
poker,748.0,2
relate,747.1,2
saturday,740.1666666666666,3
presents,728.25,2
