word,score,mentions
no.,2163.0,2
sfw,1350.0,2
gif,1283.5,3
oc,1080.8666666666666,4
anarchists,901.4583333333334,4
nsfw,773.8666666666667,4
"move,",725.0,2
anarchism,635.0833333333334,2
anarchy,625.8631810897434,16
madeline,616.6,2
shit,616.5071428571429,4
siri,616.5,2
move,605.8333333333334,2
yes,604.8888888888889,2
starts,557.425,2
x-post,544.05,2
pure,541.9,2
coffee.,530.75,2
dick,519.5833333333334,2
quote,508.8,3
apple.,508.0555555555555,3
youtube,507.5,2
.,507.38815789473676,7
he's,504.5,3
it!,502.08333333333337,2
