word,score,mentions
sticks,459.9583333333333,2
sundae,409.1755102040816,3
donuts.,402.05,2
cheesy,393.76666666666665,5
[500x500],357.14102564102564,3
carne,337.2,2
brûlée,336.2916666666667,2
samoa,329.0,2
voodoo,327.08333333333337,2
weave,322.2420634920635,3
watermelon,314.0,2
cupcake,312.6889880952381,4
dogs,306.10833333333335,3
frozen,302.91666666666663,2
battered,296.775,2
[oc][1600x1067],296.6607142857143,2
[3264x2448][oc],291.1358695652174,2
melon,290.7125,2
1000],282.25,2
chimichangas,271.93333333333334,2
cheesesteak,266.02777777777777,2
mozzarella,259.3492424242424,7
water,259.1719696969697,3
german,256.962962962963,3
donuts,252.83333333333334,6
