word,score,mentions
bus,2583.4444444444443,3
awkward,2569.782828282828,3
well...,2519.75,2
stupid,2453.279411764706,2
accuracy,1676.5,2
fashion,1612.5833333333333,2
equally,1535.25,2
important,1535.25,2
bro,1519.7916666666667,2
ready,1308.4666666666667,2
whale,1302.5,2
problems,1293.0555555555554,3
6,1279.1878557874763,3
drawings,1272.8,2
whiteboard,1272.8,2
cosby,1272.0,2
what's,1212.85,2
father's,1180.1666666666667,2
shit.,1171.4642857142858,2
[gif],1093.8333333333333,3
happened,1054.8333333333333,2
clever,1054.45,2
poor,1051.5396825396826,3
dr.,1041.6458333333335,2
bond,1028.25,2
