word,score,mentions
"no,",360.5,2
gramps,350.75000000000006,4
wedding,310.03030303030306,2
usa!,309.5,2
america,301.39393939393943,2
challenger,288.0,2
guest,265.2857142857143,2
portrait,245.9,2
wild,245.80555555555554,2
isn't,208.04166666666666,2
barry.,204.35000000000002,2
jon.,199.07619047619048,3
use!,195.0,2
home,189.08333333333334,2
that's,188.0222222222222,3
contemplative,183.91666666666666,2
zero,182.96666666666667,2
thank,179.26695249195254,6
arin?,173.5636363636364,3
inside,171.3,2
message,164.75833333333333,3
jafari,164.18055555555557,3
christmas,162.69444444444443,3
photo,160.9,2
"ripped!""",159.0,2
