word,score,mentions
well.....,2766.0,2
autopilot,2448.1944444444443,2
bonerville,1737.8333333333333,2
husky/retriever,1680.75,2
kisses,1609.5,2
depression.,1588.611111111111,2
rawr!,1535.1,2
ilerminaty,1412.5714285714284,3
gentleman,1365.6666666666667,3
amazing!,1299.75,2
wakey!,1286.5,2
panda,1283.9666666666667,3
aliens,1279.9615384615386,2
irony,1210.85,2
father...,1098.1875,2
howling,1065.2,2
balloons,969.4666666666667,2
fear.,942.4756410256412,4
confiscated,938.8310708898944,3
whatcha,926.5,2
shepherd,916.9333333333333,3
smooth.,909.8148148148148,3
intruder,896.5,2
sleepy,863.9041666666667,4
lisa,862.2592592592592,3
