word,score,mentions
autopilot,2448.1944444444443,2
boop,2407.05,4
lifts,2230.076923076923,2
bonerville,1737.8333333333333,2
doctorama,1733.0,2
husky/retriever,1680.75,2
hug?,1621.0,2
depression.,1588.611111111111,2
olé!,1585.5,2
ouch,1561.3333333333333,2
rawr!,1535.1,2
sweetroll,1525.8333333333333,2
ilerminaty,1412.5714285714284,3
dodger,1386.5833333333333,2
busted.,1291.4347826086957,2
wakey!,1286.5,2
hmm...,1265.0833333333333,2
cleffengar,1238.6666666666667,2
lannister's,1113.2,2
smooth.,1089.4888888888888,5
exterminate!,1086.3181818181818,2
greatness.,1079.875,2
budgets,1077.6470588235295,2
nerd!,1057.125,2
begins.,1034.0,2
