word,score,mentions
colourised,396.5,2
"strip,",360.65,2
1970.,300.48214285714283,2
gay,289.52884615384613,2
court,285.15,2
[750x557],281.5416666666667,2
rushmore,265.15,2
663],251.94886363636363,2
"square,",240.09375,2
camel,236.22222222222223,2
chaplin,235.41666666666666,2
wreck,234.59523809523807,2
1912,229.14781746031747,8
"vinnitsa,",224.76190476190476,2
jew,224.76190476190476,2
unknown),222.21875,2
"march,",221.35833333333335,2
crossing,220.7637362637363,2
helmets,219.97916666666666,2
"broadway,",219.51041666666666,2
kings,217.7777777777778,3
charlie,216.65277777777777,4
italian,211.20238095238093,2
austrian,206.28787878787878,2
jr,205.12698412698413,2
