word,score,mentions
bryan,666.125,2
gillian,656.388888888889,3
c.k.,643.1111111111111,2
snoop,626.0064102564103,2
nye,580.7619047619048,2
davis,557.5833333333333,2
roger,543.8125,4
degrasse,543.3735119047619,4
"hadfield,",529.7222222222222,2
louis,512.8293650793651,7
"guy,",512.5422077922078,2
throwaway,504.76666666666665,2
bruce,486.05,2
ck,464.25,2
theroux,458.36111111111114,3
literally,448.37777777777774,2
subreddits?,443.225,2
hans,441.5416666666667,3
zimmer,441.5416666666667,3
tyson,432.73809523809524,4
mythbusters.,431.3333333333333,2
gates,398.18560606060606,2
gaiman,397.25,2
love?,385.4040404040404,2
easter,383.55555555555554,2
