word,score,mentions
canadian,393.59722222222223,4
kidnap,365.38461538461536,2
pizza,346.0833333333333,3
reddit,344.0399080086581,6
violence,343.57142857142856,2
tazed,333.4571428571429,2
fucker,333.0230769230769,2
deal,320.1746031746032,3
recovered,308.78333333333336,2
style,303.2111111111111,3
male,295.3557692307692,2
r/funny),293.81353383458645,3
domestic,293.0440476190476,4
stops,287.62813852813855,3
vs,278.3625,4
ny,269.5527950310559,2
stupid,268.68055555555554,4
tire,263.95238095238096,2
opposition,256.85416666666663,2
guards,249.97619047619048,2
ko'd,249.3373015873016,3
truck,242.1900932400933,5
defends,231.84569836293974,3
cameraman,231.84117647058827,3
think,229.2589807852966,3
