word,score,mentions
[official],360.58333333333337,2
launch.,336.18055555555554,2
six,314.68918918918916,2
world,288.72058823529414,2
remember,230.99673202614377,4
successful,199.72673796791443,5
[gif],189.60555555555553,3
staging,188.70349206349206,3
day!,182.6875,2
0.20,180.3293650793651,4
war,178.66666666666669,2
exploration,171.77777777777777,2
tired,169.49652777777777,4
released!,161.04982993197277,7
successfully,157.71527777777777,2
stuntman,157.08888888888887,3
geosynchronous,153.83333333333331,2
attempts,153.35,2
.21,150.59360309443642,9
art!,149.0,2
released,141.10203174603174,5
arrived!,140.4,2
home,138.50555555555556,3
oh,138.5,2
:d,136.67142857142858,4
