word,score,mentions
straws,462.14285714285717,2
ketchup,450.0833333333333,2
cans,388.29999999999995,4
dammit,382.0,2
bowl,356.525641025641,2
papa,345.39285714285717,2
john's,345.39285714285717,2
perfectly,341.5625,2
this.,335.0987567987568,25
why?,332.30555555555554,4
technology,303.94444444444446,2
bullshit.,303.49342105263156,2
fuck,295.4621452621452,18
this...,293.0416666666667,4
damnit,281.25,2
search,280.23333333333335,2
april,275.2083333333333,2
please,274.6074074074074,3
this!,265.2857142857143,2
happens.,250.3125,2
designed,245.04166666666669,2
letter,243.79166666666666,2
.,242.0,2
websites,230.35052910052912,3
mark,228.44444444444446,3
