word,score,mentions
goober,309.5083333333333,4
anxiety,268.75,2
guude.,257.5,2
pause!,239.0,2
ethoslab,229.375,2
support,207.0,2
gold,190.75,2
detector,178.38636363636363,2
wise,170.9,3
"subscribers,",168.8,2
joining,164.65555555555557,3
social,164.0,2
psa:,154.875,2
logic,151.88888888888889,3
happened,149.60000000000002,2
[nebris],149.38095238095238,3
oh,147.84843679712102,12
bubba,146.83333333333334,2
guy,145.54861111111111,6
words,144.6535714285714,4
dinnerbone,138.920202020202,5
mhykol!,136.0,2
congratulations,133.2977289377289,10
free,129.70833333333331,4
back!,128.18333333333334,2
