word,score,mentions
autopilot,2448.1944444444443,2
boop,2407.05,4
bonerville,1737.8333333333333,2
husky/retriever,1680.75,2
kisses,1609.5,2
depression.,1588.611111111111,2
rawr!,1535.1,2
ilerminaty,1412.5714285714284,3
dodger,1386.5833333333333,2
wakey!,1286.5,2
panda,1283.9666666666667,3
aliens,1279.9615384615386,2
congratulations!,1248.357142857143,2
cleffengar,1238.6666666666667,2
irony,1210.85,2
father...,1098.1875,2
sunrise,1076.6153846153845,2
gentleman,1076.5,4
howling,1065.2,2
timing,989.6071428571429,2
balloons,969.4666666666667,2
dashing,969.0,2
umbreon,957.875,2
fear.,942.4756410256412,4
confiscated,938.8310708898944,3
