word,score,mentions
ah.,810.5,2
portal,644.625,2
teleport,642.25,2
save,633.5,2
rage,628.4166666666666,2
taught,626.5673076923077,2
time...,625.25,2
area,613.8,2
styled,605.5714285714286,2
cosplay,585.3125,2
hell,583.45,2
castle,580.9717647058823,5
view,559.96875,2
chop,542.0,2
squid,540.3809523809524,3
cute,539.475,2
minecart,526.5944444444444,3
biome!,516.025,2
corner,512.4126984126984,3
walking,511.1875,2
oh,510.77083333333337,4
thank,510.625,2
october,485.3125,2
grand,483.5238095238095,2
mushroom,480.425,2
