word,score,mentions
perfect,457.85,5
gameloft,437.5,2
infinite,402.75,2
milkshake,395.375,2
free,370.75,2
"okay,",368.9583333333333,2
poor,357.88888888888886,3
"bored,",357.6666666666667,2
derpy...,353.1666666666667,2
truth,346.3333333333333,2
dashie,345.6666666666667,4
fluttershy's,342.0,2
force,339.66666666666663,2
family,331.25,2
oh,329.68518518518516,6
element,326.3333333333333,2
dear,324.5,2
perfect.,302.0,2
happened...,300.02777777777777,3
soul,291.875,2
walmart,291.3333333333333,2
animated,288.975,2
luna's,285.70454545454544,2
loves,282.8333333333333,5
dream,279.8333333333333,2
