word,score,mentions
jodie,519.75,2
handprints,471.6666666666667,3
holes,466.8,3
mouth,457.5555555555556,3
notes,454.0,2
friends,442.0688405797102,6
"sorry,",437.8333333333333,2
snapchat,429.875,2
brad,429.375,2
paranoia,422.0,3
guardian,410.75,2
bedtime,410.0,2
plot,403.75,2
closed,377.79166666666663,2
jesus,360.9166666666667,2
sarah,351.2,2
"butcherface,",347.6666666666667,5
camp,335.02272727272725,2
we're,316.96296296296293,2
remember,312.6363636363636,2
life,308.26613756613756,3
club,299.4,2
sorry,296.25,2
gary,292.0833333333333,2
evidence,290.5,2
