word,score,mentions
dat,442.7083333333333,4
woogity,403.6666666666667,3
ball,393.3333333333333,2
cow,361.3333333333333,2
s,343.66666666666663,2
covers,336.0,2
street,329.7888888888889,3
catch,329.5083333333333,2
pierre,321.05,2
anybody?,310.3333333333333,2
desk,285.65,2
boxes,284.4166666666667,2
talkboy,282.1111111111111,2
plastic,273.1666666666667,2
leaning,272.1547619047619,2
tower,272.1547619047619,2
95,255.10714285714286,2
action,253.58333333333334,2
face?,252.5,2
bob,243.9126984126984,3
prometheus,243.9126984126984,3
book.,235.46052631578948,2
nostalgia,234.6916666666667,8
smell,233.65,4
balance,230.93333333333337,3
