word,score,mentions
robin,541.6,2
williams,541.6,2
waits,458.6666666666667,2
python,439.5357142857143,2
mirren,438.4,2
adams,433.82142857142856,2
keith,424.9642857142857,2
ekland,415.25,2
britt,415.25,2
einstein,412.6111111111111,3
monty,406.51785714285717,4
summer,403.0,2
teddy,401.75,2
notorious,388.2708333333333,2
50s,375.34722222222223,3
jimi,374.10714285714283,7
freddie,370.5625,4
cards,370.5,2
mercury,364.0833333333333,3
"parents,",356.9166666666667,2
selfie,351.3666666666667,2
pass,348.25,2
bettie,340.5,2
seberg,332.64285714285717,2
tom,331.52083333333337,4
