word,score,mentions
college.,1090.9444444444443,2
dolphin.,632.6190476190476,3
snowflake,583.4642857142857,2
splash!,559.9444444444445,2
wrong,514.6666666666666,2
photobomb,469.375,2
am,466.39411764705886,3
dive,465.6851851851852,3
wave,459.7083333333333,2
strikes,432.3,2
"""think",428.17857142857144,2
beautiful,427.6333333333333,2
hunt,424.19393939393944,3
happy,406.47222222222223,6
waves,393.5,2
up!,384.2708333333333,2
downhill,378.8757002801121,4
kingfisher,362.5357142857143,3
missed,342.1875,2
woman,333.5885780885781,4
breathing,317.8809523809524,2
didn't,316.02777777777777,2
eyes,314.3484848484848,3
swinging,309.1666666666667,2
cloud,308.25,2
