word,score,mentions
*too,2648.0,2
battletoads,2465.1,2
autopilot,2448.1944444444443,2
boop,2268.4666666666667,6
fearless.,2184.5,2
ouch,2028.5555555555554,3
chaos.,1792.8333333333333,2
bonerville,1737.8333333333333,2
doctorama,1733.0,2
chips.,1711.2567567567567,3
beep.,1684.8333333333333,2
husky/retriever,1680.75,2
happyness,1597.3392857142858,2
olé!,1585.5,2
solution.,1540.0208333333333,2
rawr!,1535.1,2
sweetroll,1525.8333333333333,2
goddammit,1414.5416666666667,4
ilerminaty,1412.5714285714284,3
dodger,1386.5833333333333,2
godammit.,1309.25,2
unstoppable,1299.1666666666667,2
hug?,1296.0,3
busted.,1291.4347826086957,2
sisters.,1286.8181818181818,2
