word,score,mentions
accent,867.125,2
holiday.,511.3333333333333,3
concert,466.3333333333333,2
borders,433.125,2
business,432.6666666666667,2
argentina,409.9125,4
russian,407.2857142857143,2
ireland,406.6666666666667,3
english,388.79166666666663,2
birthday,377.0625,2
innovation,376.1666666666667,2
europe!,366.03333333333336,2
vocabulary,363.3,2
high,339.6666666666667,3
eurozone,337.1,2
tea,335.03333333333336,3
air,334.875,2
canada's,333.26388888888886,6
easy,331.125,2
meet,328.75,2
polska,306.25,3
latvian,305.4,2
welcome,296.0,2
holiday,292.5,2
baltics,292.30952380952385,2
