word,score,mentions
knuckles,257.5833333333333,2
dawson,257.5833333333333,2
missing,230.33333333333334,2
donut,228.83333333333334,2
needs,204.5,2
replies,201.83333333333334,2
hero,192.01666666666665,3
brain,180.11666666666667,2
recently,176.25,2
question,170.5625,2
gavino,166.69444444444446,3
46,166.3125,2
lads!,165.6875,2
here...,161.8,2
halo,155.58231292517007,7
fathers,152.6,2
edgar,152.04999999999998,3
ran,151.3125,2
patch,148.3068181818182,2
glack,146.26190476190476,2
feels,145.16666666666666,2
good,144.90968253968256,15
near,144.77857142857144,2
coming,144.77857142857144,2
haircut,144.45714285714286,2
