word,score,mentions
own,387.89642857142854,2
frosted,353.0,2
"well,",346.94642857142856,2
leave,328.875,2
thank,288.843137254902,2
valentines,261.9583333333333,2
enterprise.,259.47582417582413,3
here.,255.38392857142858,4
tweet,250.52777777777777,2
lt.,249.0,2
truth.,234.6,2
alone,232.25,2
meeting,228.96666666666667,2
=,223.86111111111111,2
lines,217.3181818181818,2
klingons,211.5452380952381,2
being,198.9650793650794,6
awesome.,198.56283524904214,3
shatner,192.59493464052287,6
q,189.4119047619048,6
cake,188.57055943430004,7
uhura,186.70773809523808,4
wrong.,186.16666666666666,2
finest.,185.225,2
family,183.66709401709403,5
