word,score,mentions
"oh,",613.9444444444445,3
probe,588.5,2
retires,543.4333333333333,3
sandwich,487.44444444444446,2
lego,470.0,3
google,447.01388888888886,3
infested,431.0,2
disbands,428.78125,2
slayers,424.5263157894737,2
mutalisk,413.5,2
god,398.5357142857143,3
flash,384.67592592592587,6
opening,380.18333333333334,2
idra's,369.93333333333334,5
djwheat,362.6666666666667,2
void,362.1057692307692,5
10,356.5555555555556,3
football,353.61111111111114,3
kerrigan,351.28888888888883,3
vengeance,345.44444444444446,2
himself,343.0,2
scv,342.625,2
haters,341.42857142857144,2
bm,337.46969696969694,3
tongue!,336.575,2
