word,score,mentions
hands,747.0,2
anakin,702.1666666666667,2
sorry,667.375,2
skywalker,589.75,2
scumbag,589.1666666666666,3
pew,573.5,2
emperor's,562.4583333333334,2
steampunk,547.75,2
j.,516.0,2
death,464.17254901960786,4
stormtroopers,449.3458333333333,4
amazing,429.9401709401709,6
abrams,419.3194444444444,6
along...,415.75,2
move,415.75,2
:(,411.19047619047615,3
friend.,410.9761904761905,2
damnit,407.91666666666663,2
wookie,398.8333333333333,2
"farewell,",390.5333333333333,2
alderaan,388.6916666666667,4
oh,383.1666666666667,3
(x-post),370.47037037037035,5
obi-wan,367.975925925926,6
palpatine,350.61111111111114,3
