word,score,mentions
french,237.40476190476193,2
shoplifter,231.625,2
chicken,216.05,2
lost,213.79166666666669,4
closed.,202.075,2
place,184.20833333333334,2
"you!?""",178.66666666666669,2
waiting,176.84848484848484,2
douchebag,176.6388888888889,3
change,172.50644841269843,6
"""that's",171.8409090909091,2
cool,171.37962962962965,3
"""that",165.26767676767676,3
life,164.66904761904763,4
cops,164.5,2
"guy,",162.15,2
minutes,159.43637681159424,5
much,157.25,2
done,155.66666666666669,2
couple,155.4714285714286,2
himself,155.45,2
co-worker,155.01666666666668,3
"""free",153.70454545454544,2
wife,152.16071428571428,2
promise,149.69047619047618,2
