word,score,mentions
poor,415.75,2
dignity,382.3888888888889,2
all...,355.3571428571429,2
april,321.5,3
sports,315.875,2
ralphs?,308.5625,2
candy,304.25,2
moleman,276.8333333333333,3
hans,271.5625,4
milhouse!,271.25,2
something.,246.06666666666666,2
barney,243.35,2
mein,240.5,4
bratwurst,240.5,4
ralph,238.210303030303,5
"zaius,",232.75,2
waiting,222.17083333333335,3
american,218.2307692307692,3
nelson.,216.075,2
"are,",216.075,2
catchphrase,208.66666666666666,2
likes,201.52083333333334,6
silent,200.16666666666669,2
advice,199.5,2
voice,198.04523809523812,3
