word,score,mentions
autopilot,2448.1944444444443,2
boop,2407.05,4
lifts,2230.076923076923,2
bonerville,1737.8333333333333,2
husky/retriever,1680.75,2
hug?,1621.0,2
depression.,1588.611111111111,2
olé!,1585.5,2
rawr!,1535.1,2
sweetroll,1525.8333333333333,2
ilerminaty,1412.5714285714284,3
dodger,1386.5833333333333,2
wakey!,1286.5,2
kisses,1240.7777777777778,3
cleffengar,1238.6666666666667,2
^_^,1181.3333333333333,3
lannister's,1113.2,2
smooth.,1089.4888888888888,5
exterminate!,1086.3181818181818,2
budgets,1077.6470588235295,2
ok!,1007.6666666666666,2
umbreon,957.875,2
white...,946.25,2
confiscated,938.8310708898944,3
milton,932.2857142857143,2
