word,score,mentions
shave,419.6666666666667,2
problems,373.45166666666665,5
rarely,364.60714285714283,2
maybe,335.9666666666667,2
wise,332.125,4
"oh,",314.9761904761905,3
everyday,312.71875,2
mother,295.2833333333333,2
true,283.0178571428571,4
fucking.,276.3571428571429,2
trollx,273.5,2
truth,270.5888888888889,3
uterus,256.60897435897436,6
logic,240.23333333333335,3
well,238.73888888888885,6
god,237.41071428571428,2
rage.,236.875,2
clothes,235.53869047619045,6
awkward,223.73214285714286,2
damn,217.39880952380952,6
girlfriend,216.33910533910534,3
surprise,210.83333333333331,2
uterus.,210.025,2
every.,208.95555555555558,5
menstrual,207.87121212121212,2
