word,score,mentions
penguins,1004.6666666666666,2
pain,964.93,2
it...,951.2123015873017,3
japan,913.2,2
explosion,905.5833333333333,2
unknown,875.3,2
firefighter,866.5,2
duck,864.6523809523809,3
otter,850.1363636363636,2
gay,848.2777777777778,2
chase,837.3368421052633,3
story!,813.0833333333334,2
office,796.525,2
meanwhile,794.2444444444445,3
names,777.45,2
right!,772.875,2
fedex,764.6357142857142,2
preacher,761.0,2
jumps,757.0181818181818,2
speaks,736.46875,2
nyc,727.75,2
hate,718.8333333333333,2
truck,698.35,4
"""i",686.4511784511784,3
rights,675.453125,2
