word,score,mentions
zero,898.7058823529412,2
patrick,764.0484848484848,4
london,740.0,2
trilogy,692.9166666666666,2
avengers,676.6547619047618,6
mandarin,656.9166666666666,2
gandalf,607.1999999999999,3
wave,604.0833333333334,3
galaxy,568.75,2
nebula.,562.5,2
mans,557.5833333333333,2
planets,518.2444444444444,3
golden,503.0833333333333,2
batman,499.55952380952374,10
clint,494.25,2
tiger,473.4444444444444,3
minimalistic,466.0,2
castle,461.2777777777778,3
king,459.3955555555555,5
moving,457.9166666666667,2
howl's,457.9166666666667,2
dreaming,456.5333333333333,2
stealth,453.17021276595744,2
aurora,450.7483660130719,3
borealis,450.7483660130719,3
