word,score,mentions
philly,1034.3564213564214,3
warning.,970.75,2
confiscated,938.8310708898944,3
asthma,853.9423076923077,2
pure,762.6785714285714,2
jacobs,701.9166666666667,2
monk,693.4782608695652,2
dubai,670.75,2
how?,667.5961365678347,4
bryan,666.125,2
mantis,665.5833333333334,3
tasty,664.7045454545455,2
gillian,656.388888888889,3
c.k.,643.1111111111111,2
101,641.6666666666666,2
accident.,637.4375,2
fence,614.4,2
nigerian,602.938596491228,3
australia,597.8561403508771,3
nye,580.7619047619048,2
scammers,576.25,2
welcome,575.1666666666666,2
roger,543.8125,4
holy,542.9260416666666,8
prisons,541.875,2
