word,tf-idf
anon,0.071709
fit/izen,0.014458
4chan,0.005898
shares,0.004699
anons,0.003099
9gag,0.002915
stories,0.002601
greentext,0.002479
9/11,0.002473
justice4charles,0.002414
r9k,0.002414
meets,0.00233
femanon,0.002169
talks,0.002122
discusses,0.0021
ps4,0.00192
beta,0.001872
faps,0.00186
solves,0.001773
xbox,0.001773
thread,0.00174
feminist,0.001708
tries,0.001679
dorner,0.001656
operation,0.001652
