word,tf-idf
finn,0.022159
jake,0.0194
marceline,0.016808
bmo,0.012809
adventure,0.010009
fionna,0.007222
bubblegum,0.006642
gunter,0.006316
princess,0.005515
lemongrab,0.005158
beemo,0.004594
mathematical,0.003745
marcy,0.003611
crossover,0.003581
lsp,0.003219
simon,0.003206
lumpy,0.002847
peppermint,0.002579
lich,0.002474
flame,0.00246
rainicorn,0.002297
pancakes,0.002273
enchiridion,0.002063
trunks,0.001898
cosplay,0.001774
