word,tfidf
anime,0.017164
evangelion,0.008181
madoka,0.007897
miyazaki,0.006192
k-on,0.005724
steins,0.005724
mononoke,0.005704
bebop,0.005544
r/anime,0.005265
hayao,0.005265
kyojin,0.005247
shingeki,0.004387
ghibli,0.003949
gurren,0.003816
mikasa,0.003816
cowboy,0.003488
cosplay,0.003486
oreimo,0.003339
toonami,0.003339
gundam,0.003186
titan,0.002991
lagann,0.002862
asuka,0.002862
totoro,0.002646
howl,0.002632
