word,tf-idf
r/gifs,0.009119
jerks,0.006793
r/funny,0.005481
jerk,0.004061
bitch,0.003536
outta,0.003333
goat,0.002713
quack,0.002429
pug,0.002341
motherfucker,0.002339
asshole,0.002297
r/unexpected,0.002285
monkey,0.002171
r/animalsbeingderps,0.002125
nope,0.002106
penguins,0.002019
gtfo,0.001954
r/aww,0.001918
assholes,0.001827
booga,0.001822
kangaroo,0.001806
dog,0.001794
raccoon,0.001737
r/reactiongifs,0.001737
shhh,0.001737
