word,tf-idf
puppy,0.00826
rescued,0.004481
kitten,0.003834
husky,0.003692
shelter,0.00292
dog,0.002867
adopted,0.002645
retriever,0.002527
foxes,0.002336
stray,0.002211
asleep,0.002196
orphaned,0.002069
puppies,0.001955
kitty,0.001685
doggie,0.001668
corgi,0.001582
humane,0.001579
bobcat,0.001522
kittens,0.001512
siberian,0.001434
bunny,0.001428
squirrel,0.001404
zoo,0.00135
cuddle,0.001335
patiently,0.001335
