word,tf-idf
oreimo,0.037437
k-on,0.036963
madoka,0.031381
vocaloid,0.024642
chuunibyou,0.021799
moe,0.018251
yuri,0.013511
magica,0.013427
miku,0.012231
shoujo,0.012204
henneko,0.012133
shitai,0.010899
kuroneko,0.010425
yuru,0.010425
rikka,0.010023
toradora,0.009952
haruhi,0.009952
hyouka,0.009004
koi,0.008322
tmohs,0.007913
imouto,0.007385
katawa,0.007108
haganai,0.007108
watamote,0.006634
gj-bu,0.006161
