word,tf-idf
batman,0.026481
joker,0.011711
arkham,0.010945
tdkr,0.008732
bane,0.007485
knight,0.007112
alfred,0.006167
r/batman,0.005517
superman,0.004974
gotham,0.004733
harley,0.004512
trilogy,0.004341
nolan,0.004237
batmobile,0.004073
bruce,0.003296
wayne,0.003035
robin,0.00263
tdk,0.00262
origins,0.002613
quinn,0.002471
beyond,0.002341
ledger,0.002341
bale,0.002244
asylum,0.002185
rises,0.002184
