word,tf-idf
bf3,0.042581
battlefield,0.032894
dice,0.01128
bf4,0.006005
battlelog,0.004913
chopper,0.004059
server,0.003638
operation,0.003586
armored,0.003401
jet,0.002805
bf2,0.00273
à²,0.002689
premium,0.002493
vehicles,0.002318
caspian,0.002255
spawn,0.002203
c4,0.002188
smaw,0.002184
karkand,0.002184
superiority,0.002103
dlc,0.002091
conquest,0.001978
r/battlefield3,0.001962
gameplay,0.001957
metro,0.001754
