word,tf-idf
explains,0.019469
describes,0.005782
redditor,0.002962
r/bestof,0.002401
provides,0.001977
gives,0.001861
analogy,0.001643
shares,0.001488
redditors,0.001403
answers,0.001301
novelty,0.001297
helps,0.001213
talks,0.001201
summarizes,0.001191
advice,0.001179
tells,0.001154
explanation,0.001152
writes,0.001042
offers,0.001028
r/fitness,0.000994
uncle_erik,0.000994
quantum,0.00096
bestof,0.00096
r/photoshopbattles,0.000949
user,0.000903
