word,tf-idf
jesse,0.012964
walter,0.011704
cranston,0.011169
walt,0.010653
breaking,0.009364
bryan,0.009277
heisenberg,0.009207
aaron,0.007797
albuquerque,0.005369
spoiler,0.004418
spoilers,0.00409
paul,0.003939
episode,0.00381
brba,0.003803
s05e08,0.00326
season,0.00323
salamanca,0.003142
pinkman,0.00293
skyler,0.002929
r/breakingbad,0.002708
norris,0.002245
marie,0.002095
jr,0.002094
hector,0.002093
chemistry,0.002049
