word,tf-idf
lamborghini,0.024755
ferrari,0.020905
porsche,0.018328
bmw,0.017745
nissan,0.01727
aventador,0.015674
pagani,0.014372
mustang,0.013427
gt-r,0.013222
ã,0.012366
aston,0.011724
mclaren,0.011497
r8,0.011361
lancia,0.010922
1024,0.010863
1600x1200,0.010743
jaguar,0.010647
1280x850,0.010329
1024x768,0.010288
1920x1200,0.010027
mazda,0.009812
coupe,0.009296
1920x1080,0.008916
skyline,0.008627
turbo,0.008263
