word,tf-idf
spider-man,0.009772
marvel,0.009706
deadpool,0.009672
x-men,0.008677
avengers,0.007834
superman,0.007326
batman,0.007152
wolverine,0.004996
hulk,0.004895
daredevil,0.004245
hawkeye,0.003537
injustice,0.003415
comics,0.003392
punisher,0.003183
damian,0.003035
liefeld,0.002755
joker,0.002681
uncanny,0.002629
lantern,0.002529
spidey,0.002476
jla,0.002475
r/comicbookart,0.002475
comic,0.002418
variant,0.002397
batgirl,0.002329
