word,tf-idf
abed,0.015747
community,0.015206
harmon,0.010268
greendale,0.009787
britta,0.009255
pudi,0.008242
alison,0.007936
pierce,0.007682
annie,0.00742
mchale,0.00681
nbc,0.006315
joel,0.005195
winger,0.005107
danny,0.004439
dean,0.004221
jeff,0.004138
r/community,0.004106
gillian,0.003968
glover,0.00383
starburns,0.003702
season,0.003689
magnitude,0.003571
troy,0.002993
chevy,0.002888
episode,0.00281
