word,tf-idf
cosplay,0.028061
photographer,0.013417
harley,0.006722
quinn,0.006387
sdcc,0.005526
ramona,0.005428
costume,0.004531
cosplaying,0.003799
megacon,0.003799
catwoman,0.003757
princess,0.003578
joker,0.003522
cosplays,0.003454
sailor,0.003398
cosplayer,0.003108
gaige,0.003016
morrigan,0.003016
arkham,0.003006
nycc,0.002896
samus,0.002896
ivy,0.002887
bioshock,0.002887
leeloo,0.002709
femshep,0.002709
katsucon,0.002709
