word,tf-idf
r/crazyideas,0.001871
automatically,0.001526
starring,0.001401
genetically,0.001231
celebrities,0.001182
button,0.001151
option,0.001092
subreddits,0.001077
toilet,0.001063
subscriptions,0.001017
remake,0.000988
politicians,0.000971
reality,0.000938
cameras,0.000924
gym,0.000875
buttons,0.00087
called,0.000857
porndora,0.000849
machines,0.000844
brake,0.000821
instead,0.000809
karma,0.000803
alarm,0.000797
channel,0.000795
handwriting,0.000777
