word,tfidf
creepy,0.008158
abandoned,0.005505
r/creepy,0.004953
r/wtf,0.004861
creepiest,0.004444
clowns,0.002506
slenderman,0.002506
creeps,0.002365
creeped,0.002358
catacombs,0.001949
nightmares,0.00189
unsettling,0.00186
creepier,0.001792
dolls,0.001689
woods,0.001612
asylum,0.001493
reaper,0.001488
clown,0.001461
scares,0.001415
masks,0.001389
skeleton,0.001294
ultrasound,0.001253
eerie,0.001253
parasitic,0.001253
r/pics,0.001233
