word,tfidf
souls,0.056004
solaire,0.012244
artorias,0.011224
ornstein,0.008163
capra,0.005612
praise,0.005202
bonfire,0.005041
dark,0.004762
tarkus,0.003571
seath,0.003571
sunbros,0.003571
sif,0.003334
invaded,0.003327
lordran,0.003061
smough,0.003061
sunbro,0.003061
undead,0.002751
incandescent,0.002551
lautrec,0.002551
r/darksouls,0.002551
estus,0.002551
gravelord,0.002551
grossly,0.002529
gwyn,0.002358
pvp,0.00233
