word,tf-idf
tardis,0.028136
doctor,0.014286
dalek,0.012273
daleks,0.007116
barrowman,0.006159
tennant,0.005089
whovian,0.005072
screwdriver,0.003393
rory,0.002767
moffat,0.002766
doctors,0.002661
exterminate,0.002544
10th,0.002366
whovians,0.002305
sonic,0.002305
cosplay,0.002279
spoilers,0.002243
companions,0.002179
weeping,0.002143
eleventh,0.00212
clara,0.002009
cardiff,0.001844
50th,0.001837
asylum,0.001696
angels,0.001634
