word,tfidf
facebook,0.003248
unfriend,0.002904
grammar,0.002881
facepalm,0.002711
status,0.002709
irony,0.002524
statuses,0.002038
sarcastic,0.001752
deleted,0.001715
stupid,0.001521
faith,0.001486
humanity,0.001466
indeed,0.001392
generation,0.001355
kidding,0.001325
misuse,0.001263
joking,0.001263
dumber,0.001263
obama,0.001173
insensitive,0.001083
fb,0.001036
nirvana,0.001019
copied,0.001019
yup,0.00101
r/cringepics,0.000978
