word,tf-idf
fallout,0.041717
vegas,0.01062
vault,0.006013
bethesda,0.006002
boone,0.005476
wasteland,0.004802
deathclaw,0.003314
courier,0.003194
goodsprings,0.002761
r/fallout,0.002652
nuka,0.002481
mojave,0.002281
dogmeat,0.002209
plasma,0.002209
tenpenny,0.002209
pip-boy,0.002209
fo3,0.002209
megaton,0.002209
lonesome,0.002127
dialogue,0.001913
wanderer,0.001825
perk,0.001814
v.a.t.s,0.001657
dellums,0.001657
fnv,0.001657
