word,tf-idf
theory,0.017966
spoilers,0.00854
theories,0.007132
joker,0.004345
himym,0.004064
universe,0.003609
matrix,0.003481
inception,0.002869
r/movies,0.002736
wonka,0.002714
django,0.002714
retelling,0.00237
knight,0.00229
willy,0.002191
r/fantheories,0.00218
spongebob,0.002107
durden,0.001975
potter,0.001934
harry,0.001911
pixar,0.001867
mario,0.001863
prequel,0.001836
rises,0.001835
skyfall,0.001816
majora,0.001816
