word,tfidf
f7u12,0.002972
paranoia,0.002694
rage,0.00263
trolldad,0.00173
childhood,0.001542
recycled,0.001486
lucid,0.001332
memories,0.001304
stupidity,0.001284
fap,0.001203
elementary,0.001171
transportation,0.001129
programming,0.001129
guilty,0.001097
condom,0.001035
brain,0.001028
dread,0.000991
downloading,0.000991
sadness,0.000991
pleasure,0.000918
sounded,0.000918
semester,0.000918
assume,0.000886
shaving,0.000886
redirects,0.000865
