word,tfidf
fascist,0.009924
anarchy,0.009889
conform,0.006551
anarchist,0.00516
rules,0.004661
anarchists,0.003956
fascists,0.003885
mods,0.003678
system,0.002974
facist,0.002883
wherever,0.002776
however,0.00276
fuck,0.002547
r/firstworldanarchists,0.002221
whatever,0.002163
conformist,0.002162
saxophones,0.002162
asleep,0.002115
rebel,0.001956
anarchism,0.001943
norms,0.001943
conformity,0.001787
r/funny,0.001702
sabotage,0.001666
cakeday,0.001629
