word,tfidf
grumps,0.121964
barry,0.01584
jontron,0.013873
grump,0.013128
egoraptor,0.011462
jon,0.010732
'06,0.006936
sonic,0.006231
danny,0.006088
gamegrumps,0.005202
grep,0.005193
magfest,0.004624
animated,0.004164
esquirebob,0.003468
pbg,0.00289
suzy,0.00289
sanic,0.00289
sfm,0.002866
jafari,0.002312
kirkhope,0.002312
animation,0.00227
grumpy,0.001875
steam,0.001822
mario,0.001796
gramps,0.001781
