word,tf-idf
nintendo,0.006349
ps4,0.004215
xbox,0.004136
valve,0.003852
gta,0.00324
microsoft,0.00312
steam,0.002883
skyrim,0.002763
fallout,0.00272
simcity,0.002424
bioshock,0.00229
indie,0.002276
playstation,0.002276
mario,0.002121
games,0.002099
console,0.002055
fifa,0.002041
gameboy,0.002017
deus,0.001984
gaming,0.001731
infinite,0.001706
bundle,0.001691
battlefield,0.001638
realism,0.0016
gameplay,0.001583
