word,tf-idf
harry,0.02187
potter,0.020706
hogwarts,0.010394
dumbledore,0.009246
snape,0.009021
hermione,0.006276
weasley,0.005726
hallows,0.005718
voldemort,0.005286
rupert,0.005146
malfoy,0.004575
severus,0.004575
deathly,0.004405
draco,0.00411
hp,0.004043
daniel,0.003962
rowling,0.003562
sirius,0.003431
radcliffe,0.003083
neville,0.003082
mcgonagall,0.002859
dobby,0.002287
gryffindor,0.002287
lovegood,0.002287
bellatrix,0.002287
