word,tf-idf
kendrick,0.021478
kanye,0.0157
lamar,0.015066
yeezus,0.011649
jay-z,0.008061
fresh,0.006631
danny,0.006207
rapper,0.006007
rocky,0.005604
bronson,0.00546
sweatshirt,0.005357
keef,0.005268
cole,0.005162
hip-hop,0.004994
schoolboy,0.004994
freestyle,0.004698
cudi,0.004687
rappers,0.004495
mixtape,0.004368
lupe,0.004018
tupac,0.003817
remix,0.003736
eminem,0.003534
wu-tang,0.003434
sinner,0.003348
