word,tfidf
ã,0.014287
1945,0.01175
1944,0.006486
1943,0.005296
soldiers,0.004841
1940,0.00468
1942,0.004437
1941,0.004235
troops,0.004191
soldier,0.003799
1963,0.003657
1961,0.003512
german,0.003006
1280,0.002961
1900,0.002857
1939,0.002695
adolf,0.002648
hitler,0.002617
1937,0.002456
1024,0.002434
1915,0.002415
allied,0.002415
churchill,0.002415
1917,0.00231
circa,0.002225
