word,tfidf
justice,0.007101
sentenced,0.004495
robber,0.003712
arrested,0.003595
bully,0.003359
r/videos,0.003331
jailed,0.003036
cops,0.002988
police,0.002719
driver,0.002653
thief,0.002547
tries,0.002374
charged,0.002369
officer,0.002121
confronted,0.002023
falsely,0.001932
steals,0.001842
knocked,0.001842
heckler,0.001794
fired,0.001752
clerk,0.001739
judge,0.001719
woman,0.001649
stolen,0.001623
prison,0.001497
