word,tf-idf
riot,0.012414
lcs,0.009558
league,0.008491
clg,0.007503
legends,0.007471
draven,0.006431
thresh,0.005757
ranked,0.005435
doublelift,0.005359
madlife,0.004823
summoners,0.004823
froggen,0.004823
baron,0.004546
champion,0.004528
teemo,0.003752
singed,0.003752
summoner,0.00337
patch,0.00327
tsm,0.003247
tribunal,0.003216
dinh,0.003216
shaco,0.003216
karthus,0.003216
runes,0.003005
lol,0.002912
