word,tf-idf
map,0.01224
ã,0.012007
countries,0.010899
population,0.010033
states,0.009245
europe,0.008508
density,0.005702
united,0.00546
empire,0.004574
global,0.004134
r/europe,0.004064
european,0.003999
territories,0.003702
distribution,0.003667
routes,0.003325
borders,0.003189
territorial,0.003168
regions,0.003168
u.s,0.003098
gdp,0.002956
languages,0.002945
percentage,0.002944
cities,0.002838
worldwide,0.002826
counties,0.002718
