word,tf-idf
mildly,0.003765
perfectly,0.002228
pattern,0.002215
banana,0.001733
peeled,0.001709
upside,0.001535
leaf,0.001485
receipt,0.001331
reflection,0.001325
streetlamp,0.001282
odometer,0.001282
spilt,0.001282
growing,0.001231
landed,0.001227
soap,0.001193
penny,0.001188
melted,0.001134
windshield,0.001134
optical,0.001115
wrinkles,0.001059
snickers,0.001059
draining,0.001059
illusion,0.001052
logo,0.001042
shape,0.001012
