word,tf-idf
uhc,0.081309
mindcrack,0.075797
guude,0.031008
etho,0.021776
zisteau,0.019294
millbee,0.018605
generikb,0.018605
bdubs,0.018605
bdoubleo,0.017227
kurt,0.011545
vintagebeef,0.011025
mindcrackers,0.011025
b-team,0.010336
beef,0.01022
baj,0.008987
nebris,0.008958
vechs,0.006202
episode,0.006014
mindcracker,0.005513
mhykol,0.004823
pyro,0.004722
fanart,0.00455
ftb,0.004496
pause,0.004413
subscribers,0.004197
