word,tf-idf
minecraft,0.017346
redstone,0.009402
server,0.008375
mojang,0.004607
biome,0.004118
jeb,0.004118
survival,0.004056
biomes,0.003706
creeper,0.003465
notch,0.003453
nether,0.003069
spawners,0.00299
lava,0.002863
blocks,0.002669
r/minecraft,0.002541
villager,0.002528
snapshot,0.002528
tnt,0.002492
village,0.002443
texture,0.002388
dinnerbone,0.002239
afk,0.002167
villagers,0.002059
piston,0.002059
smp,0.002059
