word,tf-idf
hobbit,0.004517
trailer,0.004081
movies,0.003415
stills,0.003059
films,0.002888
pacific,0.002452
poster,0.002371
skyfall,0.002325
whedon,0.002294
prometheus,0.002294
sequel,0.002231
hitchcock,0.002212
tarantino,0.002191
nolan,0.002191
trilogy,0.002189
avengers,0.002182
joss,0.002172
vii,0.002132
scenes,0.002112
pixar,0.002054
wars,0.001973
movie,0.001951
starring,0.001915
anchorman,0.001896
spielberg,0.001896
