word,tf-idf
'murican,0.026065
'murica,0.020717
freedom,0.018807
commie,0.014486
commies,0.013998
murica,0.013561
patriot,0.010958
murican,0.009933
patriots,0.007991
r/murica,0.007547
1776,0.005327
patriotic,0.004558
redcoats,0.003761
flag,0.003508
american,0.003351
'muricans,0.003224
korea,0.00256
north,0.002454
navy,0.002172
redcoat,0.002149
muricans,0.002149
country,0.002147
damn,0.002117
patriotism,0.002069
goddamn,0.002026
