word,tfidf
daft,0.004564
songs,0.004279
song,0.003945
music,0.003283
punk,0.003244
grohl,0.003157
hendrix,0.003154
zeppelin,0.003064
jimi,0.002581
spotify,0.002429
guitar,0.002339
deftones,0.002233
dave,0.001893
ticketmaster,0.001861
brubeck,0.001861
mumford,0.001861
floyd,0.00172
beastie,0.00172
concert,0.001711
queens,0.001705
tenacious,0.001672
grooveshark,0.001672
playlist,0.00164
albums,0.00164
nirvana,0.001618
