word,tfidf
mlp,0.017105
pinkie,0.014407
fluttershy,0.01427
rarity,0.012336
brony,0.012231
ponies,0.011174
pony,0.010572
everypony,0.006785
derpy,0.006439
twilight,0.005546
bronies,0.0055
celestia,0.004469
applejack,0.004276
faust,0.004077
dash,0.004073
bronycon,0.003701
discord,0.003701
canterlot,0.003701
hasbro,0.003567
sparkle,0.003398
equestria,0.003325
fim,0.003325
rainbow,0.003198
hooves,0.003084
sweetie,0.002851
