word,tf-idf
naruto,0.085674
sasuke,0.022517
kakashi,0.017164
chapter,0.016426
manga,0.015243
mangapanda,0.012282
itachi,0.011034
uchiha,0.010918
madara,0.010918
akatsuki,0.009553
r/naruto,0.008582
colored,0.007563
jiraiya,0.006823
sharingan,0.006823
hinata,0.006743
tobi,0.006389
spoilers,0.005799
sakura,0.005788
gaara,0.004094
minato,0.003759
jutsu,0.003678
rasengan,0.003412
kishimoto,0.003412
hokage,0.003412
uzumaki,0.003412
