word,tf-idf
grandfather,0.008378
audrey,0.00752
hepburn,0.007281
grandparents,0.00635
circa,0.005083
1963,0.004836
mcqueen,0.004674
thompson,0.004536
1969,0.004509
1960s,0.004207
1965,0.004207
marilyn,0.00417
bowie,0.004162
1966,0.00378
debbie,0.003641
elvis,0.003517
1977,0.003475
grandpa,0.003422
1957,0.00333
jimi,0.003272
brigitte,0.003271
1953,0.003271
monroe,0.003258
grandmother,0.003246
caine,0.003127
