word,tf-idf
r/mildlyinteresting,0.007346
shocked,0.004159
r/funny,0.003502
r/pics,0.003196
angry,0.003172
plotting,0.003156
smiling,0.002997
pareidolia,0.002811
happiest,0.002611
grater,0.002525
wop,0.002414
surprised,0.002379
horrified,0.002037
purse,0.002012
pleased,0.001855
stoned,0.001751
frightened,0.001742
mixer,0.001742
disapproves,0.001742
sleepy,0.001548
terrified,0.001485
sinister,0.001446
r/trees,0.00144
solemn,0.001405
bwock,0.001405
