word,tf-idf
r/pics,0.008582
timing,0.006637
lightning,0.00499
timed,0.003303
muzzle,0.003064
bubble,0.002841
firing,0.002807
impact,0.00273
splash,0.002602
r/funny,0.002572
popping,0.002511
jumping,0.002424
r/hockey,0.00236
snapped,0.002332
photographer,0.002311
r/mildlyinteresting,0.002136
balloon,0.001968
xpost,0.001876
flying,0.001786
r/aww,0.001704
exploding,0.001688
r/woahdude,0.001688
mid-air,0.001682
tension,0.001652
kingfisher,0.001652
