word,tfidf
petty,0.03672
revenge,0.035244
rude,0.003142
r/talesfromretail,0.003103
bitchy,0.002854
bitch,0.00249
revenges,0.002302
asshole,0.002096
parking,0.001825
pettiest,0.001727
etiquette,0.001717
driveway,0.001585
neighbors,0.001562
scam,0.001519
illegally,0.001502
douchebag,0.00146
towed,0.001427
thief,0.001418
customer,0.00139
bully,0.001364
snide,0.00133
campers,0.00133
driver,0.001321
entitled,0.001318
obnoxious,0.001268
