word,tf-idf
pokemon,0.022089
pokã©mon,0.009028
mewtwo,0.005097
starters,0.00437
pikachu,0.004332
blastoise,0.003782
bidoof,0.003782
dialga,0.003152
gyarados,0.003152
magikarp,0.003152
ditto,0.002831
sprites,0.002749
arcanine,0.002521
charizard,0.002521
emerald,0.002468
diglett,0.002265
trainer,0.00226
rocket,0.002114
evolutions,0.002083
pokedex,0.002083
shiny,0.002007
brock,0.001963
151,0.001937
bulbasaur,0.001891
shuckle,0.001891
