word,tfidf
1920x1080,0.008122
twain,0.004642
sagan,0.004296
1024x768,0.004244
1920x1200,0.004186
hemingway,0.003958
palahniuk,0.003906
proverb,0.003906
einstein,0.003848
ã,0.003846
vonnegut,0.003654
stephen,0.003428
wilde,0.003217
bukowski,0.002939
albert,0.002927
ernest,0.002837
unknown,0.002747
winston,0.00274
1600x1200,0.002708
seuss,0.002613
churchill,0.002613
anonymous,0.002583
kurt,0.00246
george,0.002453
orwell,0.00244
