word,tf-idf
mrw,0.095185
mfw,0.007119
asks,0.002664
reaction,0.002499
overhear,0.001846
replies,0.001807
tells,0.001746
whenever,0.001557
downvoted,0.001303
r/gonewild,0.001236
says,0.001123
drunk,0.001055
insists,0.001027
mbps,0.001027
masturbate,0.000989
introduces,0.000958
argument,0.000956
arguing,0.000949
ex-girlfriend,0.000913
upvotes,0.000885
waiter,0.00088
clothes,0.000862
dinner,0.000857
complains,0.000853
flirty,0.000829
