word,tf-idf
skyrim,0.033866
dragonborn,0.008115
whiterun,0.007374
bethesda,0.00687
dovahkiin,0.006152
khajiit,0.005267
lydia,0.003917
alduin,0.003687
daedric,0.003482
hearthfire,0.003312
ulfric,0.00316
argonian,0.00316
thalmor,0.00316
r/skyrim,0.002891
dawnguard,0.002839
nazeem,0.002634
paarthurnax,0.002634
mods,0.002546
nightingale,0.002366
dragon,0.00235
scrolls,0.002297
shadowmere,0.002107
farkas,0.002107
draugr,0.002107
alchemy,0.002107
