word,tfidf
trek,0.021842
tng,0.014175
picard,0.012636
ds9,0.007981
enterprise,0.007766
spock,0.005975
spiner,0.005861
frakes,0.00532
stewart,0.004873
r/startrek,0.004562
wheaton,0.004232
starfleet,0.004098
kirk,0.004033
levar,0.00403
brent,0.003967
voyager,0.003663
worf,0.003585
riker,0.003471
takei,0.003415
wesley,0.003297
patrick,0.003294
klingon,0.003074
trekkie,0.002788
crusher,0.002788
shatner,0.002737
