word,tf-idf
starcraft,0.018761
mlg,0.014584
stephano,0.013515
artosis,0.013515
idra,0.013075
starcrafts,0.011956
blizzard,0.010547
sc2,0.00961
dreamhack,0.00859
r/starcraft,0.008405
wcs,0.007938
naniwa,0.006757
esports,0.006406
incontrol,0.005718
day9,0.005137
grubby,0.004678
tasteless,0.004295
huk,0.004279
zerg,0.004279
carbot,0.004158
nasl,0.003736
swarm,0.003731
terran,0.003731
protoss,0.003639
ladder,0.003587
