word,tfidf
customer,0.008843
tales,0.007038
retail,0.006848
ma'am,0.006359
customers,0.004276
manager,0.003407
fired,0.002913
discount,0.001952
dealt,0.001867
gurl,0.0018
fraud,0.001776
justice,0.001735
titty,0.001678
coupons,0.001633
coupon,0.001559
lady,0.001529
cashier,0.001478
racist,0.001436
tale,0.001404
employee,0.001367
former,0.00136
coworkers,0.001357
bitchy,0.00135
store,0.00134
refund,0.001299
