word,tf-idf
tf2,0.030733
sfm,0.017572
pyro,0.017145
mvm,0.011885
valve,0.008183
spy,0.007612
demoman,0.007506
heavy,0.006321
sandvich,0.006255
scout,0.006238
loadout,0.005168
sentry,0.004818
fortress,0.004622
sniper,0.004496
r/tf2,0.004135
balloonicorn,0.003753
engie,0.003753
medic,0.003406
2fort,0.003372
killcam,0.003128
spies,0.002574
dustbowl,0.002502
pyrovision,0.002502
unusual,0.002412
sprays,0.002409
