word,tf-idf
korra,0.030798
aang,0.022234
iroh,0.015811
sokka,0.015558
avatar,0.015088
zuko,0.014406
katara,0.012677
gaang,0.008338
azula,0.008338
bolin,0.007056
tenzin,0.00689
toph,0.006772
bending,0.005859
mako,0.005577
kyoshi,0.005131
lok,0.005079
asami,0.003849
finale,0.003344
beifong,0.003207
tarrlok,0.003207
pabu,0.003207
bryan,0.00318
cosplay,0.002848
benders,0.00264
sozin,0.002566
