word,tfidf
mrw,0.015879
period,0.00633
uterus,0.004178
shark,0.003559
mfw,0.003539
r/adviceanimals,0.002982
boyfriend,0.002876
makeup,0.002734
vibrator,0.002036
bachelorette,0.001927
scumbag,0.001844
women,0.00172
overly,0.001525
ladies,0.001489
boobs,0.001483
jeans,0.0014
cramps,0.001393
whenever,0.001329
messy,0.001299
downvoted,0.001262
periods,0.001221
tampons,0.001221
feminist,0.001193
clothes,0.001169
modcloth,0.001124
