word,tf-idf
1920x1080,0.036602
1920x1200,0.022321
wallpaper,0.011121
wallpapers,0.007318
1200,0.007072
1600,0.006409
1680x1050,0.005845
2560x1440,0.005672
2560x1600,0.00558
1920,0.004671
1440x900,0.003715
1600x1200,0.003434
1080,0.003331
1600x900,0.003005
1280x800,0.002996
hobbes,0.002555
2048,0.002466
avengers,0.002405
calvin,0.002401
daft,0.00233
paradise,0.002277
1680,0.002146
favorites,0.002137
r/spaceporn,0.002067
dubai,0.002055
