word,tfidf
wiggle,0.0043
soda,0.003679
pasta,0.002665
timmy,0.002026
difficult,0.001747
gravity,0.001432
hammer,0.001417
nuggets,0.001414
dammit,0.001353
cds,0.001339
frying,0.001339
martha,0.001339
spaghetti,0.001333
burnett,0.001301
discrete,0.001301
curses,0.001301
meatloaf,0.001301
tired,0.001285
furniture,0.001246
mommy,0.001206
hulk,0.001206
liquids,0.001169
jenga,0.001169
mopping,0.001169
flap,0.001164
