word,tfidf
blizzard,0.013447
warcraft,0.007073
wow,0.006874
horde,0.006214
pandaria,0.005326
r/wow,0.005307
druid,0.004898
guild,0.004626
vanilla,0.004401
stormwind,0.003952
orgrimmar,0.003952
shaman,0.003107
leveling,0.003045
pandaren,0.002964
warlock,0.002663
dungeon,0.002546
illidan,0.00247
healer,0.002283
raiding,0.002283
5.2,0.002283
azeroth,0.002219
pandas,0.002041
5.4,0.001976
wotlk,0.001976
deathwing,0.001976
