word,tf-idf
basement,0.001788
surgery,0.001691
wtf,0.001501
wasp,0.001149
hospital,0.001082
woke,0.001082
wikileaks,0.001057
snake,0.00099
toilet,0.000964
apartment,0.000964
electrician,0.000955
confiscated,0.00089
mariana,0.00089
evicted,0.00089
crocodile,0.000849
explosion,0.000844
severe,0.000839
paypal,0.000838
yard,0.000825
chinese,0.000824
jellyfish,0.000793
trench,0.000793
pedestrian,0.000793
suffers,0.000793
cleaning,0.000781
