word,tf-idf
zelda,0.03073
majora,0.012782
skyward,0.010043
hylian,0.008934
waker,0.008673
r/zelda,0.008086
hyrule,0.005956
deku,0.005956
ocarina,0.005685
midna,0.004108
mask,0.004033
triforce,0.003971
nintendo,0.003851
r/gaming,0.003264
ganon,0.003195
legend,0.002897
goron,0.002762
sheik,0.002762
loz,0.002762
zora,0.002739
sword,0.002688
shield,0.002527
princess,0.002497
twilight,0.002306
rupees,0.00221
