word,score,mentions
whatever,782.6666666666666,2
future,704.8000000000001,3
forever,659.9375,2
burtonized,584.6666666666666,2
batman,538.5625,2
pancakes!,516.9116161616162,4
4chan,515.1,2
gunter's,496.15,2
burrito,469.0,2
bubblegum,457.06313131313135,12
aftermath.,442.41666666666663,2
amazing,427.05303030303025,4
queen,417.25,2
spirited,406.5,2
away,406.5,2
steampunk,400.66666666666663,2
he'll,398.3571428571429,2
princess.,372.07142857142856,2
:(,362.95714285714286,2
fridge,357.5892857142857,2
fin,357.02272727272725,2
billboard,348.25,2
cosplay!,347.02777777777777,2
bacon,343.4420119562977,7
cosplay,324.8225641025641,10
