word,score,mentions
senior,1109.5969696969698,5
oh,1010.4166666666667,2
cat,1000.325,4
come,974.8666666666667,3
university,902.5555555555557,3
printer,889.9166666666666,2
success,883.4117948717949,3
congress,881.125,2
ama,871.1404761904761,3
raptor,844.5833333333334,2
forever,830.0666666666666,2
misunderstood,827.1666666666667,2
problems,813.0395238095238,10
duck.,798.8333333333334,2
scumbag,795.7715272381939,45
brian,791.1333333333333,2
third,789.784126984127,3
player,779.75,2
vlc,779.75,2
bond,772.6666666666667,2
james,772.6666666666667,2
confession,750.6296296296296,3
picard,708.0576923076923,2
cops,705.5555555555557,3
sexual,700.25,2
