word,score,mentions
username,550.3527777777778,6
gonewild,549.6083333333333,4
republicans,540.3148148148148,3
serious,520.7916666666666,2
well,506.90833333333336,4
lift.,487.75757575757575,2
bad,480.10714285714283,2
request:,448.0208333333333,10
why?,444.0,2
☜,432.74444444444435,3
appeal,418.7972222222222,4
colby,416.8787878787879,2
something.,414.68686868686865,3
spent,412.95,2
original,408.9345238095238,4
tic-tac-toe!,400.3333333333333,2
;),397.4246031746032,3
reddit!!,386.875,2
&lt;-------,385.00549450549454,2
petition,384.8991702741703,6
=,378.837990042412,10
watson,369.5833333333333,3
rename,363.2229437229437,6
church,358.43589743589746,2
kim,357.7083333333333,2
