word,score,mentions
r.i.p.,337.25,2
posters,320.8974358974359,2
please.,304.375,2
spider-man.,303.5,2
friends,250.35185185185188,3
growing,247.54166666666666,2
electro,245.8,2
"deadpool,",229.73333333333335,2
sherlock,219.375,2
dan,213.7,2
slott,213.7,2
dirty,210.975,2
dinosaur,209.12121212121212,2
beyond,202.91666666666669,2
well,202.38836477987422,3
interesting,202.33333333333331,2
cosplay,194.7911616161616,6
very,193.7404761904762,4
beauty,193.07142857142858,2
marvel),191.75,2
poor,187.8125,2
tells,184.78181818181818,2
silhouettes,183.75,2
comedy,180.6727272727273,2
chapter,179.77272727272728,2
