word,score,mentions
men.,385.74725274725273,2
social,211.525,2
funds,200.5186335403727,2
larp,178.66666666666669,2
"range,",163.11111111111111,2
facial,158.203431372549,2
gay,151.25975994655238,6
taco,149.65359477124184,2
depending,145.635,2
ama,141.34700854700856,3
hair,136.85416666666669,2
ugly,132.1,2
idea,131.82017147279242,9
fake,131.7188888888889,4
category,122.94666666666667,2
leg's,122.52631578947368,2
driving,121.11043771043772,3
do.,119.66923076923077,3
frontpage,118.71739130434783,2
driver's,118.04722222222222,3
reddit.,110.88381734006737,6
colored,110.63529411764705,3
eminem,105.17391304347827,2
balls,105.10714285714286,2
literal,104.25,2
