word,score,mentions
you're,125.14375,4
"/r/daftpunk,",124.65760869565217,2
race,122.69642857142857,2
ad,114.05551948051948,5
pendants,111.875,2
kids,109.86904761904762,2
actual,109.1,2
photoshoot,106.73214285714286,2
working,106.45833333333333,3
8-bit,104.5,3
custom,103.07142857142857,2
happened,100.64583333333333,2
obsession,100.29166666666667,2
stuff.,98.94642857142857,2
"well,",92.0,2
subreddit,86.82170884670884,10
no,82.08928571428571,3
reaction,78.36607142857143,2
simpsons,76.33333333333333,3
there,76.05394736842105,4
pulp,75.39090909090909,3
discovery,74.67997835497836,4
gif,71.50330086580087,10
go,68.98611111111111,3
helmets.,68.69444444444444,2
