word,score,mentions
cooperation!,233.5,2
true,231.98245614035088,6
it?,226.625,2
sunbros,211.80555555555557,6
history!,193.51999999999998,5
(part,193.51999999999998,5
poor,185.57142857142858,3
approved!,182.69090909090912,3
"congratulations,",150.375,2
kart,149.58333333333334,2
jolly,146.76666666666668,4
time!,146.29545454545453,2
possibly,141.56666666666666,2
"""dark",140.5,2
sif.,140.46428571428572,2
pinwheel's,129.16666666666666,2
ciaran,128.40625,2
hunter,123.77083333333333,2
again...,119.61666666666666,4
kalameet,119.25,2
you...,118.75,2
darkwraiths,118.375,2
patches,117.15,2
nito,116.66220238095238,8
2),112.91666666666666,2
