word,score,mentions
nine,753.75,2
cartoony,732.8333333333334,3
vincent,683.375,2
k-9,605.15,2
timelord,573.75,2
martha,566.1,3
pond,551.7083333333333,2
party,517.45,2
shot,489.01190476190476,3
snow,481.25,2
come,480.74242424242425,2
tardis!,475.2,2
you.,474.8894230769231,4
dalek!,446.9230769230769,2
inflate!,445.6666666666667,3
timey-wimey,428.1111111111111,2
guess,425.69038461538463,4
awareness,417.5416666666667,2
glass,413.8333333333333,2
man.,409.94642857142856,2
harkness,400.0,2
amy,398.2063492063492,5
inside.,397.6875,2
beautiful.,396.8,2
"who,",394.0,2
