word,score,mentions
buttlicker,502.75,2
friends,413.53846153846155,2
"easy,",314.0,2
both.,314.0,2
cried,295.3666666666667,2
sorry,291.82608695652175,2
scissor,290.75,2
ass.,270.45,2
conversation.,246.71428571428572,2
erin,216.60090909090908,5
upvote,204.1285714285714,2
me!,180.7037037037037,3
met!,176.6875,2
oh,171.97619047619045,7
"yes,",171.10101010101008,3
absolute,168.45,2
gabraham,167.0,2
congratulations,166.125,2
dat,156.25,2
dwight...,155.375,2
young,152.6875,8
classic,151.42532051282052,10
shots,148.55555555555557,2
series.,145.6,2
then,145.2702922077922,5
