word,score,mentions
scumbag,817.4166666666667,2
sansa's,791.5,2
updog?,747.5,2
what's,747.5,2
bronn,746.4428571428572,5
hair,742.7708333333334,2
imp,665.25,2
modern,627.6925925925926,3
theon's,621.8611111111112,3
oh,597.8388888888888,6
sad,592.6875,4
sam,590.5416666666666,3
poor,559.4978517722878,7
[s3e07],555.4416666666667,5
tyrell,541.5,2
margaery,541.5,2
frey,532.4166666666666,2
lion's,530.6333333333333,2
hound,527.5613095238095,6
dog,515.525,2
weekend,500.3746031746032,3
awkward,490.5666666666667,2
xaro,489.04166666666663,2
cosplay,484.3375,4
page,481.125,2
