word,score,mentions
hacking,1023.3888888888889,2
theory,726.794246815986,3
vs.,719.5999999999999,3
table,704.3333333333333,2
bathman,679.5333333333333,2
pool,672.125,2
we're,658.125,2
dog,633.1666666666666,2
oh,577.2962962962963,3
vs,541.9444444444445,3
opening,530.5438596491227,2
tv,485.04761904761904,2
darth,483.6666666666667,3
engineering,477.3571428571429,2
programmer,459.375,2
artist,446.45454545454544,2
ಠ_ಠ,445.8809523809524,2
smart,435.125,2
floppy,425.75,4
throne,416.33333333333337,2
math,407.14126984126983,3
of.,395.09722222222223,2
invaders,389.15625,2
mini,389.1,2
side,386.4222222222222,3
