word,score,mentions
trust,2195.75,2
flexible,1824.75,2
genius,1720.0833333333333,2
explosion,1637.0555555555557,3
knuckleball,1595.6,2
hedgehog,1479.6666666666667,2
sequence,1460.8333333333335,2
orbit,1422.75,2
homemade,1389.8333333333335,2
lucky,1344.25,2
self,1311.75,2
what?,1310.857142857143,2
fog,1299.0714285714287,2
tongue,1295.2,2
wembley,1243.25,2
stadium,1243.25,2
dat,1237.5,3
prank.,1190.5,2
five!,1174.25,2
boom.,1162.5,2
headshot.,1162.5,2
artist,1151.4166666666667,2
dementor!,1142.5,2
frisbee,1126.7777777777778,3
armed,1099.0,2
