word,score,mentions
holy,540.4761904761905,2
platonic,504.93333333333334,3
barney!,425.8125,2
ted?,379.1577380952381,4
oh,368.26666666666665,9
scumbag,343.1746031746032,7
stage,339.1666666666667,2
kids...,331.75,2
&amp;,326.1666666666667,2
writers,322.3612012987013,4
wars,316.70454545454544,3
mexican,307.2083333333333,2
daddy?,305.0,2
later,300.8,2
stinson.,296.7857142857143,2
birthday,291.2083333333333,2
relationships,287.58333333333337,2
captain,284.12023809523805,4
true,281.53062804069,7
poor,276.9583333333333,3
years,275.9236111111111,4
hurricane,267.75,2
nanny,267.6666666666667,2
drunk,256.04545454545456,2
third,247.44444444444446,3
