word,score,mentions
marketing,713.75,2
stranded,708.0384615384615,2
viagra,680.0,2
penguin,606.5,2
fishing,599.0882352941177,2
pilots,585.25,2
massage,582.95,2
morning,569.9166666666666,2
hooker,544.2954545454545,2
cinderella,541.875,2
day.,536.3,2
italian,535.5,2
greatest,530.9166666666667,2
nsfw,519.6875,4
church,517.5,2
detector,516.6875,2
marry,478.9333333333333,2
cheating,457.8333333333333,2
british,456.8333333333333,3
black?,454.625,2
testicles,454.625,2
taxi,452.5357142857143,2
dog,434.8787878787879,4
playing,428.9,4
fat,427.1333333333334,3
