word,score,mentions
demacia,659.3928571428571,2
ahri,651.5,2
trailer,641.3333333333333,2
ashe,598.2777777777777,3
rework!,582.5277777777778,2
voidling,560.5,2
gragas,544.3,2
blitzcrank,538.0416666666666,4
nerf,518.0625,2
stealth,512.2083333333333,2
pantheon,511.23015873015873,3
definitely,508.45238095238096,3
reverse,507.5555555555555,3
regarding,495.9583333333333,2
image!,487.91666666666663,2
art,476.625,2
shaco,476.33968253968254,3
dunk,476.0525252525252,3
blood,475.17857142857144,2
draft,474.4583333333333,2
plays,474.43154761904765,4
zac,466.9444444444444,3
friends,456.6111111111111,2
sacrifice,450.4166666666667,2
kog'maw,449.1111111111111,3
