word,score,mentions
elections.,217.3,2
[1256×2466],217.3,2
borders.,205.7,2
dikes,186.48214285714286,2
[2048×1252],179.6313725490196,2
[1920x1080],172.3409090909091,2
wars,170.32142857142858,2
zones,167.9,2
(from,159.85795454545453,2
international,159.74182692307693,4
state's,151.9025974025974,2
[970x546],147.48663101604276,2
worlds,142.6875,2
occurred,141.4549019607843,2
earth's,140.53234265734267,4
"system,",139.43571428571428,2
544],139.04166666666669,2
germany.,136.36607142857144,2
a.d.,136.0340909090909,3
rivers,135.7099567099567,3
orientation,132.08333333333334,2
air,131.05,2
[2638x1196],129.28846153846155,2
boundaries,129.0,2
yorkers,128.5,2
