word,score,mentions
elysium,630.625,2
r.i.p.,620.2142857142857,2
wolverine's,562.7,2
interesting,533.875,2
lego,517.1428571428571,2
gravity,515.4166666666666,3
plot,488.48333333333335,2
godzilla,481.4346590909091,4
prometheus,479.384693877551,7
ender's,475.6033333333333,5
criterion,466.125,2
"""94%""",462.2777777777778,2
affleck,462.2777777777778,2
ben,462.2777777777778,2
comic-con,459.575,2
york,445.02777777777777,2
backstage,443.54166666666663,2
moving,429.84375,2
released!,427.8333333333333,3
game,424.5154970760234,6
mitchell's,413.25,2
loved,409.875,2
animations,409.125,2
lion,401.3571428571429,2
monster's,398.69642857142856,2
