word,score,mentions
knock,744.3333333333333,5
number,736.2916666666666,2
"welcome,",696.5,2
independence,659.1785714285714,4
ok,638.5625,2
wrong,621.3179487179488,3
europe?,593.2916666666666,3
yeah,529.2083333333334,3
we're,502.34444444444443,3
missile,483.56666666666666,2
"right,",479.5873015873015,3
welcome,452.5857142857143,5
ruslan,446.04482758620685,3
miss,428.9166666666667,2
dear,410.7286324786325,3
scientific,384.5,2
does,383.65,2
burned,380.46521739130435,2
[fixed],377.01170634920635,8
now,375.9813797313797,6
'murica,369.01233336656026,40
walked,368.25757575757575,2
wallpaper!,366.45,2
"commies,",364.0043859649123,3
michael,357.4484848484849,2
