word,score,mentions
rjd2,550.3333333333334,2
ghostwriter,550.3333333333334,2
deltron,466.0833333333333,3
breezeblocks,455.3333333333333,2
3030,449.75,4
b,442.19047619047615,2
mtv,433.55,2
wanna,418.6875,2
goldfinger,415.7083333333333,2
superman,415.7083333333333,2
fish,400.26666666666665,2
sucks,373.25,2
strobe,371.25,2
portishead,364.29166666666663,2
"nirvana,",364.08333333333337,2
collective,360.25,2
animal,360.25,2
stole,349.57142857142856,2
guide,349.46875,4
stevens,339.375,2
sufjan,339.375,2
tool,339.3040404040404,6
lineup,338.5888888888889,3
reel,336.9,2
now?,331.74074074074076,2
