word,score,mentions
rover,225.35,2
leaks,214.125,2
draws,194.375,2
attends,179.55555555555554,2
‘the,178.04761904761904,3
word,171.56315789473686,4
cruise,169.88888888888889,2
lgbt,166.27222222222224,2
kansas,165.2318181818182,2
trayvon,165.03571428571428,2
explain,164.86363636363637,2
spanish,163.175,2
toddlers,162.66666666666666,2
celebrating,161.27272727272728,2
nearly,159.3125,2
enjoy,158.4625,2
text,157.70833333333334,2
"gay,",155.09722222222223,2
passes,154.8142857142857,2
bomber,152.76666666666668,2
mtv,152.28076923076924,2
army,151.82275132275132,3
13,150.12820512820514,2
mccain,149.67499999999998,3
dept.,149.27380952380952,2
