word,score,mentions
trick,451.16666666666663,2
magic,339.5,2
photogenic,332.25,4
ridiculously,332.25,4
praise,303.0361111111111,3
feeling,272.4852941176471,4
fifa,267.625,2
miss,249.16666666666666,2
pilgrimage,247.70825396825393,5
announced,245.77777777777777,2
religion,242.25,2
its,240.346875,4
science,238.01666666666665,2
fear,237.4722222222222,3
judgement,234.83333333333334,2
glorious,228.69444444444446,3
blasphemous,226.625,2
then,216.1388888888889,3
us.,215.525,2
custom,212.75246305418716,3
hail!,202.86363636363637,2
leader,202.50000000000003,4
pokemon,201.66666666666669,2
four,200.33333333333334,2
madrid,198.41071428571428,2
