word,score,mentions
ಠ0ಠ,497.0,2
fuck,425.5,2
onion,413.375,2
hyuck,411.3333333333333,2
solemn,400.08333333333337,2
soon.,387.5,2
chicken,377.75602175602177,6
pizza,352.6666666666667,2
pants,335.41666666666663,2
mop,302.73333333333335,2
:d,296.98512541380194,14
help!,286.45,2
right?!,268.875,2
sinister,265.88492063492066,3
meet,260.0833333333333,2
:-o,242.9,2
delicious,239.25,2
:3,235.83333333333331,2
suspicious,234.75,2
quack,232.5,2
grumpy,231.35714285714286,2
dare,228.61111111111111,2
we,217.275,3
content,197.44444444444446,3
derp,195.21481481481484,3
