word,score,mentions
rules,444.72222222222223,2
evil,395.52777777777777,3
lying,355.2916666666667,2
job,340.4572994210091,4
douchebag,324.88,5
hell,312.35416666666663,2
good.,312.3,2
dont,306.125,2
noisy,271.8928571428571,2
scam,267.3666666666667,5
knew,265.3,2
father's,262.83333333333337,2
white,255.25,2
etiquette,245.13888888888889,3
douche,244.80357142857144,4
super,241.6111111111111,3
rolls,236.08333333333331,2
college,234.98958333333334,2
restaurant,232.27159090909092,4
i'd,231.54166666666666,3
thief.,231.02222222222224,2
wet,230.44444444444446,2
illegally,229.16666666666666,2
classmate,226.88888888888889,2
door,226.442791005291,6
