word,score,mentions
alerts,156.89473684210526,2
roadmap,155.75,3
sexy,154.44444444444446,3
stupid,154.44444444444446,3
day...,144.26470588235293,2
shot,137.91666666666669,4
levelcap,134.37777777777777,3
implants,125.52116402116401,3
short,122.0625,2
fan-art],119.18333333333332,2
revamp,110.875,2
flak,97.55555555555554,2
higbys,96.66666666666667,2
peace,95.68759018759017,3
(a,91.675,2
game-breaking,86.14166666666667,2
metagame,84.72222222222223,3
done,83.625,2
white,82.3125,2
overpowered,81.7,2
hossin,81.33333333333334,2
hey,80.65714285714286,3
tips,79.25641025641026,2
official,78.15555555555557,3
happy,78.08974358974359,3
