word,score,mentions
censorship,320.6,2
masks,294.2,2
smooth,281.1388888888889,2
dali,261.8125,2
depression,260.7738095238095,2
pablo,257.8333333333333,2
353],256.1375,2
robin,248.06875,2
ross,244.3,2
-banksy,235.54166666666669,2
dog,230.28571428571428,2
[645x755],229.25185185185185,3
argument,228.97426470588235,2
dinklage,228.03030303030303,2
hawking,222.71767676767675,3
"body...""",221.3125,2
[712x502],221.12857142857143,2
"""thousands",219.83333333333334,2
von,219.125,2
-michael,217.32954545454544,2
[640x960],215.59788359788362,3
"beings...""",215.5,2
"by...""",213.96825396825398,3
terror,211.59615384615384,2
[x-post,211.01979166666666,4
