word,score,mentions
ilerminaty,585.8571428571429,2
kidnapping,423.4848484848485,3
cat,421.5,3
despite,401.51951951951946,3
reality,369.8125,2
epitome,309.675,2
such,295.9656862745098,3
punchable,293.54545454545456,2
serious?,265.0625,2
body,262.0289855072464,2
movie,248.10038610038612,2
disgusting.,237.0,3
selfish,225.85714285714286,2
xd,225.01785714285714,2
bitch,222.5185185185185,3
this?!,218.0,2
brother.,213.86666666666665,2
bullshit,213.73809523809524,2
bullying,213.0,2
me?,210.89999999999998,2
kidding,210.89999999999998,2
christmas,210.625,2
kid.,205.45142857142855,5
oh,203.5746031746032,6
"that,",198.61274509803923,2
