word,score,mentions
+,493.6,2
friday,456.3362193362193,3
approaching,451.9326923076923,2
remembering,410.91666666666663,2
phone.,400.9480519480519,2
cat's,385.1111111111111,2
0,385.0601851851852,3
over.,379.33333333333337,2
r/wtf,379.125,4
freezes,378.6291208791209,2
weather,361.45,2
finals,355.40128205128207,3
farting,347.6785714285714,2
/r/reactiongifs,347.3571428571429,2
reddit's,332.9555555555556,3
real,328.55982905982904,3
password,326.7751322751323,3
reacting,323.625,2
r/gonewild,321.91242424242427,5
single,321.01005291005293,3
browsing,319.0733333333333,5
browse,314.1875,2
reddit.,313.22888888888895,5
finish,313.02083333333337,2
meet,312.8111111111111,3
