word,score,mentions
industrial,524.8333333333334,3
tent,521.4583333333334,2
beds,453.80952380952385,2
bunk,453.80952380952385,2
pad,437.6,2
girl's,429.6666666666667,2
[960x508],424.475,2
concept,412.875,2
sunny,334.6666666666667,3
garage,307.31666666666666,3
1050],304.4642857142857,2
[1680,304.4642857142857,2
bachelor,303.5111111111111,3
[480,302.70238095238096,2
sleeping,294.875,2
tea,290.4166666666667,2
flat,287.4375,3
clock,286.4285714285714,3
[800x533],286.2592592592593,6
outdoor,285.45994897959184,7
really,280.20238095238096,2
map,270.4047619047619,2
spot,262.66666666666663,2
mountain,258.50092592592597,6
kids,252.5,2
