word,score,mentions
suki's,704.5,2
edge,704.5,2
poor,623.7222222222223,3
masters,607.0,2
dear,569.75,2
pro-bending,561.6923076923077,2
iroh.,546.0370370370371,3
teacher,533.5666666666667,2
pabu,524.8333333333334,3
gangnam,488.8333333333333,2
soon?,474.5,2
coming,452.5833333333333,2
words,451.5,2
"""i",446.8,2
toph!,431.4166666666667,2
aang.,427.3269230769231,6
war,404.3,2
air,398.625,3
lion,392.7142857142857,2
turtle,392.7142857142857,2
upvote,387.9166666666667,2
yue,386.8333333333333,2
feels...,379.16666666666663,2
oh,378.1438775510204,7
merry,376.6,2
