word,score,mentions
finest,200.22222222222223,2
cow,187.27777777777777,2
patriarchal,177.48484848484847,2
stupidity,169.5,2
win!,161.6,2
16,156.23665223665222,3
[satire],148.2541666666667,4
gif,144.45,2
relevant,136.0625,4
point,125.54142857142858,5
sexual,124.93796296296296,6
sweet,123.66666666666667,2
[x-post,118.45555555555556,5
summing,117.94285714285714,2
harassment,116.375,2
fatscum.,116.37142857142857,2
chicken,114.23076923076923,2
adam,112.96428571428571,2
christmas,112.96428571428571,2
sounds,112.28571428571428,2
"happened""...",109.39610389610391,2
"you,",107.90079365079363,3
schools,105.71428571428572,4
penny,103.61607142857143,2
warning:,102.65664160401002,7
