word,score,mentions
help!,1515.125,2
hello,969.25,2
ball,769.9444444444445,2
revenge,768.25,2
cars,742.025,2
pizza?,730.75,2
fuck!,726.5,2
life.,684.7380952380952,2
ironing,669.8333333333334,2
simple,654.6481481481482,3
everyone,640.90625,2
dammit!,637.1904761904761,3
frying,635.5714285714286,3
seems,632.1666666666666,3
free!,619.6666666666666,3
couch!,614.0,2
massage,604.3571428571429,2
hard!,593.0416666666666,2
stupid,580.5,4
makes,575.297619047619,4
"that,",559.8666666666667,3
shit,554.2607203907205,15
mess,551.4551282051282,3
rapist,532.3333333333334,2
"die,",532.125,2
