word,score,mentions
trampoline,1111.1666666666667,2
game,1109.1666666666667,2
shockwave,1098.4166666666665,2
incredible,973.5555555555555,3
astronauts,944.8928571428571,2
pen,923.5416666666667,2
master,911.3333333333334,2
alphabet,903.7,2
gears,885.6666666666666,3
mexico,873.5,2
fast,838.2333333333333,2
mesmerizing,836.3055555555557,3
flow,835.6666666666666,2
pulsating,819.25,2
perspective,813.588888888889,6
hydrophobic,809.5833333333333,2
slowmo,783.1,2
infinite,775.6666666666666,3
lava,766.0,2
mirror,764.5,2
effect,755.0,2
math,739.0,2
spinning,731.7777777777778,3
candle,731.3333333333334,4
yang,725.6666666666667,2
