word,score,mentions
forget.,413.25,2
classic,360.7142857142857,2
pvp,355.3484848484849,2
blizzard?,321.375,2
lost,301.5833333333333,2
ama,293.0,3
wow...,271.21666666666664,2
undead,271.0411713465874,4
style,267.51666666666665,4
extreme,266.375,2
please!,257.85714285714283,2
epic,250.4659090909091,3
asshole,232.03571428571428,2
scumbag,229.75,2
luckiest,223.26190476190476,2
frodo,220.925,2
nutshell.,219.58333333333331,2
news,219.25,2
great.,218.1691176470588,2
lich,210.984126984127,3
hates,210.5,2
hello,209.35714285714286,2
legit,209.33333333333331,2
poor,207.45490196078433,3
subtle,204.40277777777774,3
