word,tfidf
scumbag,0.005022
ggg,0.002289
employer,0.002263
mallard,0.002161
overheard,0.001324
stunned,0.00119
steves,0.001156
paycheck,0.001132
productive,0.00108
advice,0.001058
cnn,0.001007
meme,0.00099
boss,0.000969
whenever,0.000965
in-laws,0.000955
problems,0.000952
picard,0.000891
dmv,0.000891
snoring,0.000891
senior,0.000859
redditing,0.000838
applying,0.000838
vlc,0.000838
freshmen,0.000838
misplaced,0.000838
