word,tfidf
creepy,0.00655
messages,0.005463
okcupid,0.00482
okc,0.004522
pms,0.003794
messaged,0.003261
talked,0.002894
escalated,0.002883
message,0.002796
received,0.002731
messaging,0.002329
inbox,0.002258
texts,0.002068
caw,0.001861
flattered,0.001861
nudes,0.001861
quickly,0.001706
creeper,0.00168
r/cringepics,0.00168
creepiest,0.00165
profile,0.001638
resubmitted,0.001611
cunt,0.001553
creeped,0.001459
rejection,0.001459
