word,tfidf
cringe,0.013386
fedora,0.004677
self-cringe,0.003468
facebook,0.003312
cringed,0.003189
cringeworthy,0.002973
r/adviceanimals,0.002341
cringey,0.002278
r/facepalm,0.002269
selfie,0.001977
profile,0.001898
okcupid,0.001848
brony,0.001822
tattoo,0.001805
myspace,0.001799
meme,0.00177
newsfeed,0.001756
cringing,0.001699
memes,0.001679
9gag,0.001598
r/cringepics,0.001534
r/thathappened,0.001486
fb,0.001381
r/atheism,0.001364
edgy,0.001263
