word,tfidf
1600x1200,0.014104
1024,0.010608
iceland,0.010087
yosemite,0.009513
canyon,0.008404
lake,0.008324
mountains,0.008321
norway,0.007614
zealand,0.007153
sunrise,0.006753
sunset,0.006501
national,0.006466
990x742,0.006377
1024x768,0.006139
ã,0.006062
alberta,0.006043
alps,0.005549
canada,0.005523
switzerland,0.005009
scotland,0.005008
900x600,0.004942
valley,0.004926
california,0.004828
cave,0.004707
oregon,0.00468
