word,tfidf
50/50,0.206663
nsfl,0.04175
nsfw,0.020234
nsfw/l,0.013511
nsfw/nsfl,0.007803
tits,0.007619
topless,0.006613
penis,0.005406
blonde,0.005236
nude,0.004473
redhead,0.004196
naked,0.004164
upton,0.003469
severed,0.003468
boobs,0.003032
sexy,0.002804
brunette,0.002797
breasts,0.002732
dick,0.002723
bouncing,0.002478
watson,0.002245
johansson,0.00223
dildo,0.00222
vagina,0.002183
nipples,0.002126
