word,tfidf
bacon,0.013873
grilled,0.013205
garlic,0.010915
3264x2448,0.009227
cheesecake,0.009118
fries,0.009082
pork,0.00865
cheese,0.008628
salmon,0.008244
homemade,0.007803
2448,0.007644
steak,0.00689
smoked,0.006603
chocolate,0.006571
fried,0.006427
nutella,0.006016
burger,0.005954
avocado,0.005847
cheddar,0.005847
2592x1936,0.005736
3264,0.005662
tomato,0.005497
lobster,0.005436
960x720,0.005358
beef,0.005229
