word,tfidf
surfing,0.002624
synchronized,0.002302
dolphins,0.001973
laser,0.00197
treadmill,0.001856
usain,0.001757
mightily,0.001708
waterfall,0.001635
gim,0.001566
terrifyingly,0.001534
knuckleball,0.001534
thieving,0.001534
climbing,0.001534
idk,0.001534
boing,0.001534
headshot,0.001467
cannonball,0.001411
dunking,0.001411
frisbee,0.001411
kitten,0.001376
hurricane,0.001371
bolt,0.001324
wembley,0.001316
flexible,0.001316
dementor,0.001316
