word,tfidf
kerbal,0.02522
ksp,0.024785
jeb,0.016535
kerbin,0.014428
duna,0.01117
orbit,0.008312
0.21,0.007912
kerbals,0.00717
laythe,0.006981
jebediah,0.006981
docking,0.005585
minmus,0.004654
0.18,0.004654
kerman,0.004302
munar,0.004189
landing,0.004142
mã¼n,0.003723
spaceplane,0.003723
rocket,0.003264
program,0.003223
manned,0.003076
rover,0.002948
stock,0.002933
interplanetary,0.002792
ssto,0.002792
