word,tfidf
remembers,0.0125
childhood,0.003982
loved,0.003685
elementary,0.002853
nostalgia,0.002794
vhs,0.002669
90s,0.002586
stoop,0.002349
anybody,0.002335
nickelodeon,0.002321
remember,0.00226
woogity,0.001945
scholastic,0.001945
else,0.001808
nostalgic,0.001779
flintstones,0.001607
tapes,0.001485
critter,0.001409
prometheus,0.001409
growing,0.001358
pinnacle,0.001334
🎶muppet,0.001297
chicka,0.001297
gullah,0.001297
escargot,0.001297
