word,tfidf
omari,0.001154
bonsai,0.001154
clouds,0.001143
alaska,0.001105
photographer,0.001016
clinton,0.000864
kenyan,0.000836
iceberg,0.000792
orphanage,0.000792
hong,0.000788
protest,0.000786
beavers,0.00077
climbers,0.00077
aerosmith,0.00077
faraja,0.00077
passerby,0.00077
canyon,0.000762
iran,0.000746
grandfather,0.000741
built,0.000729
carpenter,0.000719
protesters,0.000719
camera,0.0007
bazooka,0.000691
netherlands,0.000691
