word,tfidf
homer,0.011751
marge,0.007256
simpsons,0.006483
springfield,0.003354
lisa,0.003217
milhouse,0.003129
simpson,0.003078
bart,0.003039
meow,0.003035
ivory,0.002347
smithers,0.002347
flanders,0.002158
krusty,0.002158
moe,0.001818
moleman,0.001742
kwik-e-mart,0.001742
kodos,0.001742
zaius,0.001742
burns,0.001737
duff,0.001677
ralph,0.001618
bratwurst,0.001565
groening,0.001439
grease,0.00142
lenny,0.00142
