word,tfidf
sjw,0.018654
privilege,0.017868
tumblr,0.016846
oppression,0.008922
patriarchy,0.007891
sjws,0.007891
feminism,0.006319
feminist,0.00507
shitlord,0.00485
otherkin,0.004568
titp,0.004461
oppressing,0.003731
feminists,0.003523
headmates,0.002907
gender,0.002662
justice,0.002527
social,0.002524
appropriation,0.002492
lgbt,0.002439
misogyny,0.002402
shaming,0.002402
satire,0.002279
rape,0.002237
racist,0.00219
r/4chan,0.002187
