word,tfidf
tobias,0.016818
arrested,0.01101
development,0.009418
bluth,0.008596
lucille,0.006818
gob,0.006223
bateman,0.005158
season,0.004739
fã¼nke,0.004642
netflix,0.004483
maeby,0.004126
buster,0.003688
bluths,0.00361
funke,0.003409
milford,0.003409
michael,0.00325
'arrested,0.003095
arnett,0.002983
george,0.002317
tambor,0.002317
episodes,0.002202
jeffrey,0.002131
spoiler,0.002097
episode,0.00209
zuckerkorn,0.002063
