word,tfidf
adverts,0.003496
tesco,0.003496
bbc,0.002659
british,0.00233
weetabix,0.001974
kettle,0.001955
â£10,0.001521
despite,0.001448
chavs,0.00141
sainsbury,0.00141
wanker,0.001398
biscuits,0.001354
â£1,0.001346
wimbledon,0.001304
attenborough,0.001304
britain,0.00117
shirtless,0.001161
accent,0.001156
daily,0.001135
apologised,0.001128
freddo,0.001128
jaffa,0.001128
iplayer,0.001117
cheers,0.001014
david,0.001008
