word,tfidf
r/circlejerk,0.00764
atheist,0.007338
upvotes,0.006416
upvote,0.00482
circlejerk,0.004482
atheists,0.003702
fedora,0.003138
degrasse,0.002878
r/atheism,0.002677
karma,0.002559
dae,0.002509
☜,0.002404
sagan,0.002396
✔,0.00216
enhancement,0.002157
obama,0.002069
gangnam,0.00195
tyson,0.001874
cunt,0.001821
fundies,0.001803
fixed,0.001758
neil,0.001742
romney,0.0017
lawrence,0.001656
hitler,0.001655
