word,tfidf
daft,0.061372
punk,0.032664
lucky,0.00939
guy-man,0.007717
giorgio,0.007571
memories,0.006365
moroder,0.00627
thomas,0.005579
collaborators,0.00518
access,0.004557
itunes,0.004315
vinyl,0.004247
nile,0.004206
rodgers,0.004087
snl,0.003776
interstella,0.003376
5555,0.003376
robots,0.003341
r/daftpunk,0.003308
pharrell,0.003308
'get,0.003145
guy-manuel,0.002894
r.a.m,0.002894
spotify,0.002832
remix,0.002717
