word,tfidf
dae,0.08866
iae,0.002357
themselves,0.001943
prefer,0.001685
shower,0.001416
satisfaction,0.001332
asleep,0.001283
toilet,0.001277
conversations,0.001169
habitually,0.001166
annoyed,0.001163
hae,0.001036
anxious,0.001
songs,0.000958
dislike,0.000928
occasionally,0.000928
automatically,0.000917
constantly,0.000904
depending,0.000898
signals,0.000898
rehearse,0.000875
teeth,0.000856
wake,0.000855
showering,0.000845
awake,0.000833
