word,tfidf
futurama,0.026222
zoidberg,0.013825
bender,0.011486
leela,0.007606
fry,0.006891
farnsworth,0.005433
scruffy,0.005387
zapp,0.003543
slurm,0.00326
nibbler,0.002929
hypnotoad,0.002929
brannigan,0.002717
r/futurama,0.002362
kif,0.002173
episode,0.002117
simpsons,0.002022
roberto,0.001952
episodes,0.001822
billy,0.001763
meatbags,0.00163
fryish,0.00163
benders,0.001491
robot,0.001488
groening,0.001347
jokes,0.001286
