word,tfidf
valve,0.009315
ps4,0.00892
simcity,0.006527
r/games,0.006021
steam,0.005967
xbox,0.005241
gameplay,0.004177
games,0.004101
microsoft,0.003819
playstation,0.003697
ubisoft,0.003358
e3,0.00322
zynga,0.003141
multiplayer,0.002959
sony,0.002611
developers,0.002603
witcher,0.002462
kickstarter,0.002442
drm,0.002439
trailer,0.002365
punctuation,0.002331
bundle,0.002278
dlc,0.002278
nintendo,0.002221
newell,0.002141
