word,tfidf
himym,0.028614
barney,0.026853
marshall,0.015661
robin,0.009385
mosby,0.008214
nph,0.006138
r/himym,0.004402
episode,0.004364
patrice,0.003777
lily,0.00375
stinson,0.003429
ranjit,0.003429
radnor,0.002857
sparkles,0.002833
season,0.002548
segel,0.002361
jason,0.001743
schmosby,0.001714
slapsgiving,0.001714
eriksen,0.001714
harris,0.001691
maclaren,0.00154
alyson,0.00154
platonic,0.00154
neil,0.00149
