word,tfidf
iama,0.021444
amaa,0.009369
founder,0.004195
director,0.003522
anything,0.003413
author,0.002476
creator,0.002462
request,0.002461
comedian,0.00226
former,0.002196
co-founder,0.001912
indie,0.001846
i’m,0.001843
executive,0.001826
writer,0.001759
composer,0.001678
correspondent,0.001608
creators,0.001573
iam,0.00143
i’ve,0.001407
candidate,0.001351
questions,0.001317
iaman,0.001316
jazeera,0.001316
states,0.001223
