word,tfidf
blonde,0.004843
irishman,0.004761
walks,0.003951
lightbulb,0.003209
mexicans,0.002673
irish,0.002611
englishman,0.002587
priest,0.002207
joke,0.0022
priests,0.002138
jewish,0.002138
condoms,0.001967
nuns,0.001967
nudist,0.001834
bulb,0.001829
lawyer,0.001815
jokes,0.001691
difference,0.001567
husband,0.00151
woman,0.001479
pearly,0.001475
decides,0.001473
married,0.001437
sitting,0.001391
heaven,0.001379
