word,tfidf
gatecrash,0.013966
mtg,0.010928
dgm,0.008934
m14,0.00856
ravnica,0.00856
fnm,0.00811
combo,0.008047
prerelease,0.007659
playmat,0.00688
gtc,0.00688
edh,0.006736
deck,0.006433
magic,0.00551
lgs,0.005406
m13,0.004956
r/magictcg,0.004956
wotc,0.004505
cards,0.004349
spoilers,0.004266
tokens,0.004055
jace,0.003722
wizards,0.003708
altered,0.003612
theros,0.003604
alters,0.003604
