word,tfidf
romney,0.002393
stabbed,0.002325
police,0.002258
lawmaker,0.00224
accused,0.001966
admits,0.00186
obama,0.001713
arrested,0.001707
saudi,0.001705
cops,0.001678
robertson,0.001677
demands,0.001645
suspended,0.001559
jail,0.001558
florida,0.001558
woman,0.001443
biden,0.001438
leads,0.001387
airlines,0.001352
congressman,0.001341
‘i,0.001341
charged,0.001341
north,0.001326
texas,0.001319
gay,0.001316
