word,tfidf
r/perfecttiming,0.005736
r/pics,0.005412
r/aww,0.005238
obama,0.004846
corgi,0.003596
r/humanporn,0.003385
riding,0.003113
holding,0.002835
r/funny,0.002718
jumping,0.002691
mayor,0.002622
putin,0.002517
r/oldschoolcool,0.002419
romney,0.002368
protester,0.002333
biden,0.001935
r/animalporn,0.001884
terrified,0.001858
husky,0.001798
puppy,0.0017
barack,0.001667
squirrel,0.001641
vladimir,0.001639
reacting,0.001565
mid-sneeze,0.001557
