word,tfidf
loft,0.018779
bedroom,0.009459
penthouse,0.008812
kitchen,0.007847
ã,0.006763
1024,0.006108
cozy,0.005923
converted,0.005634
chalet,0.005587
luxury,0.004695
staircase,0.004476
indoor,0.004363
library,0.004238
1024x683,0.004181
living,0.004071
contemporary,0.004048
rustic,0.00365
hotel,0.003614
apartment,0.003496
lounge,0.003484
800,0.003425
600x400,0.003312
hearst,0.003194
1200x800,0.003164
overlooking,0.00313
