word,tfidf
dashcam,0.001384
ramsay,0.001366
mesmerizing,0.001249
footage,0.00121
conan,0.001128
prank,0.00112
fastest,0.001111
gopro,0.001043
peele,0.001038
0:50,0.001038
ensues,0.001002
jackie,0.000959
stephen,0.000947
golf,0.000894
blooper,0.000862
hurdler,0.000837
retaliatory,0.000837
hovers,0.000837
combustion,0.000837
watford,0.000837
harmonica,0.000837
hilarious,0.000827
camera,0.000825
filmed,0.000812
gordon,0.000789
