word,tfidf
gif,0.007564
lightning,0.004199
woah,0.003359
microscope,0.002983
exposure,0.002765
clouds,0.002501
solar,0.00227
magnetic,0.002093
rainbow,0.001981
tornado,0.00196
putty,0.001946
fractal,0.001946
venus,0.001884
fireworks,0.001831
r/gifs,0.00179
illusion,0.001778
motion,0.001688
trippy,0.001668
eclipse,0.001654
3d,0.00163
mechanical,0.001591
r/itookapicture,0.001569
beak,0.001569
volcano,0.001479
spinning,0.001479
