word,tf-idf
abandoned,0.062706
1024,0.010207
ã,0.00828
1200x800,0.00723
1024x683,0.007109
1024x700,0.005958
mansion,0.004834
belgium,0.0044
1024x768,0.004204
detroit,0.004084
asylum,0.003425
chernobyl,0.003357
1200,0.003233
1600,0.002979
640,0.002968
3264x2448,0.002843
ukraine,0.00274
683,0.00272
960,0.002667
hospital,0.002646
derelict,0.002607
overgrown,0.002554
factory,0.002529
berlin,0.002421
graveyard,0.00242
