word,tf-idf
smbc,0.024715
xkcd,0.013876
buttersafe,0.007219
oatmeal,0.005971
oglaf,0.005615
sheila,0.004943
hyperbole,0.003603
comics,0.003148
batman,0.002792
comic,0.002716
cyanide,0.002465
fellowship,0.002201
happiness,0.002177
joker,0.002162
perry,0.001985
deadpool,0.00192
superman,0.00192
hobbes,0.001859
sketchbook,0.001854
dilbert,0.001854
robot,0.001798
wager,0.001604
chums,0.001604
doonesbury,0.001604
bible,0.001487
