word,tf-idf
dota,0.060445
ti3,0.024403
valve,0.016969
dota2,0.012745
dendi,0.00908
international,0.006742
rubick,0.005608
na'vi,0.005108
icefrog,0.00454
pudge,0.00454
invoker,0.003973
puppey,0.003973
slark,0.003973
patch,0.003827
compendium,0.003751
r/dota2,0.003569
nexon,0.003405
kaci,0.003405
iceiceice,0.003405
dreamhack,0.003282
courier,0.003282
kunkka,0.002838
ayesee,0.002838
cyborgmatt,0.002838
6.78,0.002838
