word,tf-idf
dwight,0.026027
michael,0.011047
dunder,0.009348
mifflin,0.008829
creed,0.006752
rainn,0.00621
angela,0.005865
toby,0.005789
scott,0.005744
schrute,0.005732
finale,0.005626
stanley,0.00533
jim,0.005281
scranton,0.004674
halpert,0.004674
episode,0.004415
pam,0.00402
krasinski,0.003635
office,0.003443
wilson,0.00331
kevin,0.002997
jenna,0.002881
phyllis,0.002866
fischer,0.002388
tots,0.002388
