word,tf-idf
hamplanet,0.031785
privilege,0.0194
porcina,0.011837
fatlogic,0.011165
fatty,0.01115
tales,0.010766
chapter,0.009094
hamplanets,0.008507
fps,0.008488
hamthrax,0.008286
porkplanet,0.008286
whale,0.007599
hambeast,0.006912
housemate,0.006178
beetus,0.005918
saggy,0.005848
hammy,0.005848
fatmate,0.005327
hamplanetry,0.005327
muh,0.005216
fatties,0.004785
cardiologist,0.004735
retail,0.004253
tp,0.004219
titp,0.003912
