word,tf-idf
'soon,0.001539
oatmeal,0.001175
monopod,0.001026
miracle,0.000959
dads,0.000951
pay-what-you-want,0.000922
inventions,0.000922
fb,0.000907
cnn,0.000894
newspaper,0.000892
ordered,0.000891
stewart,0.000867
emailed,0.000817
csi,0.00079
tattle,0.00079
accuracy,0.00079
trebek,0.00079
skis,0.00079
ikea,0.000788
checks,0.000788
disneyland,0.000762
applying,0.000743
predicts,0.000743
carell,0.000743
individually,0.000743
