word,tf-idf
spoilers,0.026413
s3e9,0.026224
s03e09,0.010907
s3e10,0.010034
s03e10,0.008025
asos,0.007853
thrones,0.007757
season,0.007152
sansa,0.006313
daenerys,0.006019
tyrion,0.005985
spoiler,0.005529
ygritte,0.005235
baratheon,0.004856
tywin,0.004856
westeros,0.004574
joffrey,0.004414
hodor,0.003926
jorah,0.003885
stark,0.00349
s3e7,0.00349
dinklage,0.003485
jaime,0.003399
arya,0.003367
lannister,0.003328
