word,tf-idf
geek,0.005533
xkcd,0.003265
wheaton,0.002671
geeks,0.002048
tesla,0.001951
nerds,0.001948
what-if,0.001788
geeky,0.001706
fiber,0.001644
hardware,0.00155
wordpress,0.001493
verizon,0.001442
computer,0.001319
cables,0.001298
data,0.001278
r/geek,0.00124
floppy,0.00124
protocol,0.001233
wars,0.001196
software,0.001191
disk,0.001187
server,0.001153
oatmeal,0.00114
google,0.001136
nikola,0.001096
