word,tf-idf
me3,0.022418
shepard,0.018228
garrus,0.01625
bioware,0.014338
effect,0.010113
liara,0.009576
mass,0.008276
r/masseffect,0.00798
me2,0.007448
femshep,0.005257
n7,0.004788
reapers,0.004788
mordin,0.004788
me1,0.004779
commander,0.004403
reaper,0.004379
dlc,0.004329
normandy,0.004308
krogan,0.004256
legion,0.003977
citadel,0.003823
wrex,0.003724
meer,0.003469
replaying,0.003469
mako,0.003469
