word,tf-idf
planetside,0.027156
soe,0.016127
suggestion,0.011267
higby,0.010608
ps2,0.009115
vanu,0.007713
certs,0.004612
sunderer,0.004243
vehicle,0.004129
vehicles,0.004054
faction,0.004054
infantry,0.003599
squad,0.003327
factions,0.003155
players,0.003074
indar,0.00297
sunderers,0.00297
minimap,0.002942
continent,0.00273
terminals,0.002668
warpgate,0.002546
turrets,0.002546
lattice,0.002546
beta,0.002468
harasser,0.002454
