word,tf-idf
polandball,0.014107
poland,0.013734
germany,0.006803
canada,0.006657
nordic,0.006314
entry,0.005937
estonia,0.005926
france,0.005499
finland,0.004723
sealand,0.004603
contest,0.004507
norway,0.003899
greece,0.003799
netherlands,0.003682
britain,0.003477
russia,0.003447
america,0.003314
europe,0.00322
argentina,0.003192
kebab,0.003157
autonomous,0.003074
polska,0.003074
neener,0.003074
sweden,0.003046
greenland,0.00297
