word,tf-idf
gavin,0.062657
burnie,0.029388
geoff,0.017678
podcast,0.017004
achievement,0.010471
roosterteeth,0.009963
rooster,0.009923
rtx,0.00797
pimps,0.00683
teeth,0.006509
minecraft,0.005908
barbara,0.005705
hunter,0.00504
joel,0.005003
rwby,0.00499
rvb,0.00499
michael,0.004509
gta,0.003458
rtaa,0.003327
vav,0.003327
gus,0.003256
ryan,0.002468
x-ray,0.002282
lads,0.002282
narvaez,0.002218
