word,tf-idf
wars,0.010039
boba,0.008396
fett,0.00831
darth,0.007036
leia,0.006007
vader,0.005579
jedi,0.004751
r/starwars,0.004006
vii,0.004006
millennium,0.003698
sith,0.00365
obi-wan,0.003648
solo,0.003501
trooper,0.003471
abrams,0.003448
stormtrooper,0.003337
luke,0.003322
alderaan,0.002797
lightsaber,0.00267
bounty,0.002563
falcon,0.002513
stormtroopers,0.002311
disney,0.002217
maul,0.002091
hoth,0.002027
