word,tf-idf
spoilers,0.017212
daryl,0.015437
reedus,0.015387
merle,0.012089
norman,0.008158
twd,0.007899
governor,0.007873
michonne,0.006594
walking,0.006414
shane,0.006349
season,0.005717
glenn,0.005573
grimes,0.005495
andrea,0.004778
episode,0.00471
maggie,0.004405
hershel,0.004396
woodbury,0.004396
t-dog,0.003847
spoiler,0.003687
amc,0.003566
dixon,0.003386
carl,0.00334
dale,0.003069
finale,0.002865
