word,tf-idf
r/gifs,0.009155
r/woahdude,0.007539
r/funny,0.006797
r/wtf,0.004625
r/youtubehaiku,0.003231
r/4chan,0.002808
skateboarding,0.002799
skateboard,0.00248
r/videos,0.002333
hamster,0.002239
xpost,0.002172
gymnastics,0.002125
r/awwwtf,0.001955
dolls,0.001827
blueberries,0.001757
candles,0.00175
mound,0.001616
fingering,0.001616
trickshot,0.001616
telegram,0.001616
upskirt,0.001616
bambi,0.001616
staring,0.001611
boring,0.00156
trampoline,0.001557
