word,tf-idf
poetry,0.238799
haiku,0.194357
r/videos,0.013126
0:10,0.005194
0:20,0.004715
0:09,0.003929
0:29,0.003929
0:14,0.003929
0:05,0.003896
vine,0.00355
0:22,0.00353
0:18,0.00353
0:11,0.003417
0:08,0.003246
0:06,0.003143
0:04,0.003143
0:12,0.002824
0:30,0.002421
0:07,0.002421
0:17,0.002421
0:26,0.002358
0:13,0.002358
0:21,0.002358
slips,0.002278
0:19,0.002118
